{"mean":{"confidence_interval":{"confidence_level":0.95,"lower_bound":-0.26398501309915434,"upper_bound":-0.24742058842634249},"point_estimate":-0.254797844599599,"standard_error":0.004233085920252137},"median":{"confidence_interval":{"confidence_level":0.95,"lower_bound":-0.2555882348233387,"upper_bound":-0.2395276903545439},"point_estimate":-0.24999114151312507,"standard_error":0.004217649300787338}}