{"mean":{"confidence_interval":{"confidence_level":0.95,"lower_bound":-0.0727132826693574,"upper_bound":-0.06449306320935698},"point_estimate":-0.06864663691621131,"standard_error":0.0020986547333762986},"median":{"confidence_interval":{"confidence_level":0.95,"lower_bound":-0.07483148492027601,"upper_bound":-0.06601633539603169},"point_estimate":-0.0714388416515569,"standard_error":0.0021721617949546942}}