{"mean":{"confidence_interval":{"confidence_level":0.95,"lower_bound":-0.009770382901634752,"upper_bound":0.009468249179831988},"point_estimate":0.00007627177272873098,"standard_error":0.004913202053393085},"median":{"confidence_interval":{"confidence_level":0.95,"lower_bound":-0.0063640188417593,"upper_bound":0.013122662924577089},"point_estimate":0.007803007262614736,"standard_error":0.005208641272030751}}