{"mean":{"confidence_interval":{"confidence_level":0.95,"lower_bound":-0.20357221434395822,"upper_bound":-0.1963368035448224},"point_estimate":-0.199942786870293,"standard_error":0.001846958058007189},"median":{"confidence_interval":{"confidence_level":0.95,"lower_bound":-0.2123927447187417,"upper_bound":-0.19044774281919888},"point_estimate":-0.20713779861711645,"standard_error":0.0064738608940531385}}