{"mean":{"confidence_interval":{"confidence_level":0.95,"lower_bound":-0.07037881354356601,"upper_bound":-0.0007854604667321616},"point_estimate":-0.026721601127263073,"standard_error":0.020632443350167416},"median":{"confidence_interval":{"confidence_level":0.95,"lower_bound":-0.004663248213627291,"upper_bound":0.0027826311999210596},"point_estimate":0.00040878244181463685,"standard_error":0.001977313547085491}}