{"mean":{"confidence_interval":{"confidence_level":0.95,"lower_bound":33135921.6005,"upper_bound":33192607.799156252},"point_estimate":33162956.2375,"standard_error":14437.619512362622},"median":{"confidence_interval":{"confidence_level":0.95,"lower_bound":33103307.0,"upper_bound":33166637.1875},"point_estimate":33134925.6875,"standard_error":13980.961884756387},"median_abs_dev":{"confidence_interval":{"confidence_level":0.95,"lower_bound":80039.45685401559,"upper_bound":125907.94951468706},"point_estimate":101905.30457831919,"standard_error":11516.405261777301},"slope":null,"std_dev":{"confidence_interval":{"confidence_level":0.95,"lower_bound":102218.9745071187,"upper_bound":181638.05316876806},"point_estimate":144150.3304464636,"standard_error":20300.584901398637}}