{"mean":{"confidence_interval":{"confidence_level":0.95,"lower_bound":0.037107843425532,"upper_bound":0.05422788404439797},"point_estimate":0.04577557852597036,"standard_error":0.004377682228723531},"median":{"confidence_interval":{"confidence_level":0.95,"lower_bound":0.03504516679051717,"upper_bound":0.05421367879475003},"point_estimate":0.05071903157677693,"standard_error":0.004754874264055056}}