{"mean":{"confidence_interval":{"confidence_level":0.95,"lower_bound":126323813.02093749,"upper_bound":128483800.50875},"point_estimate":127451890.70625,"standard_error":553491.8542321145},"median":{"confidence_interval":{"confidence_level":0.95,"lower_bound":128126763.25,"upper_bound":129733714.25},"point_estimate":129304440.625,"standard_error":361126.55213173624},"median_abs_dev":{"confidence_interval":{"confidence_level":0.95,"lower_bound":2667339.496920258,"upper_bound":4092097.030288556},"point_estimate":3139217.0614052564,"standard_error":362523.473167351},"slope":null,"std_dev":{"confidence_interval":{"confidence_level":0.95,"lower_bound":4279568.870036205,"upper_bound":6599510.345330283},"point_estimate":5561274.2854964975,"standard_error":593901.8087322678}}