{"mean":{"confidence_interval":{"confidence_level":0.95,"lower_bound":32224314.289473668,"upper_bound":32616460.760526318},"point_estimate":32423100.85421051,"standard_error":100288.35192605894},"median":{"confidence_interval":{"confidence_level":0.95,"lower_bound":32441077.263157897,"upper_bound":32806362.684210528},"point_estimate":32688425.763157897,"standard_error":97253.65614088476},"median_abs_dev":{"confidence_interval":{"confidence_level":0.95,"lower_bound":575280.1584814714,"upper_bound":1177730.4830963656},"point_estimate":754865.0352984695,"standard_error":158300.19589429817},"slope":null,"std_dev":{"confidence_interval":{"confidence_level":0.95,"lower_bound":877913.0315959231,"upper_bound":1118567.7232017699},"point_estimate":1007938.3229011126,"standard_error":61478.480348974896}}