{"mean":{"confidence_interval":{"confidence_level":0.95,"lower_bound":0.017641369741429408,"upper_bound":0.021436815972881662},"point_estimate":0.019537166030461073,"standard_error":0.0009709595486931196},"median":{"confidence_interval":{"confidence_level":0.95,"lower_bound":0.014929362084688425,"upper_bound":0.017965754798863198},"point_estimate":0.016300247066875384,"standard_error":0.0008397306735294027}}