{"mean":{"confidence_interval":{"confidence_level":0.95,"lower_bound":122451616.45166668,"upper_bound":124231659.57529165},"point_estimate":123345330.11499995,"standard_error":452542.0682554011},"median":{"confidence_interval":{"confidence_level":0.95,"lower_bound":123194633.16666667,"upper_bound":124628019.75},"point_estimate":123936892.16666667,"standard_error":361010.0004313542},"median_abs_dev":{"confidence_interval":{"confidence_level":0.95,"lower_bound":2367023.3667269424,"upper_bound":4677657.402504981},"point_estimate":3161597.1242204346,"standard_error":633619.30491738},"slope":null,"std_dev":{"confidence_interval":{"confidence_level":0.95,"lower_bound":3673398.5064152237,"upper_bound":5378308.2054856885},"point_estimate":4546444.732332635,"standard_error":437432.5698594274}}