{"mean":{"confidence_interval":{"confidence_level":0.95,"lower_bound":-0.02280922988571608,"upper_bound":-0.016814454441917943},"point_estimate":-0.01951521838269643,"standard_error":0.0015084252117923162},"median":{"confidence_interval":{"confidence_level":0.95,"lower_bound":-0.020468557088775707,"upper_bound":-0.018935100307974517},"point_estimate":-0.019485875694100763,"standard_error":0.00039415395428226904}}