{"mean":{"confidence_interval":{"confidence_level":0.95,"lower_bound":-0.5542467222076829,"upper_bound":-0.5440119387263661},"point_estimate":-0.5493311113975025,"standard_error":0.0026104885526395966},"median":{"confidence_interval":{"confidence_level":0.95,"lower_bound":-0.556406425523641,"upper_bound":-0.5429375505108764},"point_estimate":-0.5486354678868286,"standard_error":0.0028965327926222533}}