{"mean":{"confidence_interval":{"confidence_level":0.95,"lower_bound":-0.8495677586955445,"upper_bound":-0.8454924174389478},"point_estimate":-0.847562273427925,"standard_error":0.0010364013029448616},"median":{"confidence_interval":{"confidence_level":0.95,"lower_bound":-0.8531424117491141,"upper_bound":-0.8460287795736146},"point_estimate":-0.8524935533229336,"standard_error":0.0017537389390063721}}