{"mean":{"confidence_interval":{"confidence_level":0.95,"lower_bound":-0.4435811207588467,"upper_bound":-0.43341104744160747},"point_estimate":-0.4384986319293672,"standard_error":0.002529773611815653},"median":{"confidence_interval":{"confidence_level":0.95,"lower_bound":-0.4497542177577539,"upper_bound":-0.43086416853834975},"point_estimate":-0.43876738069589105,"standard_error":0.005119141743612418}}