{"mean":{"confidence_interval":{"confidence_level":0.95,"lower_bound":2578186082.5444446,"upper_bound":2582789413.561429},"point_estimate":2580487726.204325,"standard_error":1167880.758086881},"median":{"confidence_interval":{"confidence_level":0.95,"lower_bound":2577141396.0,"upper_bound":2584183256.5166664},"point_estimate":2579829232.4722223,"standard_error":1851795.6214630357},"median_abs_dev":{"confidence_interval":{"confidence_level":0.95,"lower_bound":984852.9443821888,"upper_bound":6720860.450390734},"point_estimate":4498363.02944795,"standard_error":1476185.1850392804},"slope":{"confidence_interval":{"confidence_level":0.95,"lower_bound":2578444781.4490566,"upper_bound":2584154574.600629},"point_estimate":2581060391.2207794,"standard_error":1479366.8123985894},"std_dev":{"confidence_interval":{"confidence_level":0.95,"lower_bound":2434619.9531686553,"upper_bound":4785940.459391095},"point_estimate":3938791.5488224155,"standard_error":599434.5990392365}}