{"mean":{"confidence_interval":{"confidence_level":0.95,"lower_bound":-0.21333205793280716,"upper_bound":-0.21269917674130737},"point_estimate":-0.21300923441861108,"standard_error":0.0001614541405575863},"median":{"confidence_interval":{"confidence_level":0.95,"lower_bound":-0.21327377262815228,"upper_bound":-0.21262404002570034},"point_estimate":-0.21284468097740494,"standard_error":0.000162338200644527}}