{"mean":{"confidence_interval":{"confidence_level":0.95,"lower_bound":-0.7444981777608204,"upper_bound":-0.741144607621242},"point_estimate":-0.7427851429184315,"standard_error":0.000855437682402587},"median":{"confidence_interval":{"confidence_level":0.95,"lower_bound":-0.7450084313067472,"upper_bound":-0.7421066058455634},"point_estimate":-0.7433827800339399,"standard_error":0.0007153297415237876}}