{"mean":{"confidence_interval":{"confidence_level":0.95,"lower_bound":-0.16254214113937174,"upper_bound":0.010886448483738669},"point_estimate":-0.0566600530773389,"standard_error":0.05440981941840651},"median":{"confidence_interval":{"confidence_level":0.95,"lower_bound":-0.0015095299200278411,"upper_bound":0.004750794403771019},"point_estimate":0.0017318411090494479,"standard_error":0.00157408917050274}}