{"mean":{"confidence_interval":{"confidence_level":0.95,"lower_bound":-0.22979747588442276,"upper_bound":-0.22318055255175023},"point_estimate":-0.22643703297545448,"standard_error":0.0016823465995033824},"median":{"confidence_interval":{"confidence_level":0.95,"lower_bound":-0.23200781975405094,"upper_bound":-0.22169406219994403},"point_estimate":-0.22431397820764787,"standard_error":0.0018441108841548049}}