{"mean":{"confidence_interval":{"confidence_level":0.95,"lower_bound":-0.010945174760472465,"upper_bound":-0.00026640850206156326},"point_estimate":-0.005779237201285925,"standard_error":0.0027340656800640124},"median":{"confidence_interval":{"confidence_level":0.95,"lower_bound":-0.014314964549235198,"upper_bound":-0.007528078704100882},"point_estimate":-0.011632920819533932,"standard_error":0.0016873912019058487}}