{"mean":{"confidence_interval":{"confidence_level":0.95,"lower_bound":0.01625064981763008,"upper_bound":0.019836312347487964},"point_estimate":0.018038940728505315,"standard_error":0.0009157044748223631},"median":{"confidence_interval":{"confidence_level":0.95,"lower_bound":0.012934646031625086,"upper_bound":0.019303239860246846},"point_estimate":0.015934366127150934,"standard_error":0.0015000304445974516}}