{"mean":{"confidence_interval":{"confidence_level":0.95,"lower_bound":-0.24423481401722225,"upper_bound":-0.24148609661831966},"point_estimate":-0.24269197387280161,"standard_error":0.0007140255456916545},"median":{"confidence_interval":{"confidence_level":0.95,"lower_bound":-0.2432093956044229,"upper_bound":-0.241079940591296},"point_estimate":-0.24200713421426656,"standard_error":0.0005687763825756432}}