{"mean":{"confidence_interval":{"confidence_level":0.95,"lower_bound":-0.23286413972683806,"upper_bound":-0.19550202588509408},"point_estimate":-0.21443990370076316,"standard_error":0.009526430690753235},"median":{"confidence_interval":{"confidence_level":0.95,"lower_bound":-0.23848233049645684,"upper_bound":-0.17921160729209973},"point_estimate":-0.2178811179203689,"standard_error":0.01605754328939795}}