{"mean":{"confidence_interval":{"confidence_level":0.95,"lower_bound":0.0016688188379855532,"upper_bound":0.011839280989152816},"point_estimate":0.006580116314990558,"standard_error":0.002612291505383585},"median":{"confidence_interval":{"confidence_level":0.95,"lower_bound":0.006219586852628911,"upper_bound":0.009482387023612038},"point_estimate":0.007732732589541991,"standard_error":0.0007839992079837223}}