{"mean":{"confidence_interval":{"confidence_level":0.95,"lower_bound":-0.03090224420916171,"upper_bound":0.005114029081052028},"point_estimate":-0.013729086504448373,"standard_error":0.009363669672493176},"median":{"confidence_interval":{"confidence_level":0.95,"lower_bound":-0.03793440884663646,"upper_bound":0.01714508822767935},"point_estimate":-0.019033387025663595,"standard_error":0.012466378383592805}}