{"mean":{"confidence_interval":{"confidence_level":0.95,"lower_bound":0.317607680433332,"upper_bound":0.429251905642418},"point_estimate":0.3756253609963325,"standard_error":0.02949673006630992},"median":{"confidence_interval":{"confidence_level":0.95,"lower_bound":0.30798367360878576,"upper_bound":0.5777692358967912},"point_estimate":0.5069700219151168,"standard_error":0.08605075120279758}}