{"mean":{"confidence_interval":{"confidence_level":0.95,"lower_bound":0.026648702230818073,"upper_bound":0.05190577598970997},"point_estimate":0.03958387058394286,"standard_error":0.006431019467069533},"median":{"confidence_interval":{"confidence_level":0.95,"lower_bound":0.016175824873986944,"upper_bound":0.06413297968760556},"point_estimate":0.033368878017775216,"standard_error":0.012062639890106067}}