{"mean":{"confidence_interval":{"confidence_level":0.95,"lower_bound":140653967.06215,"upper_bound":140753495.6320001},"point_estimate":140701106.378,"standard_error":25427.33181038758},"median":{"confidence_interval":{"confidence_level":0.95,"lower_bound":140641784.3,"upper_bound":140744784.76999998},"point_estimate":140711233.4,"standard_error":29732.599964000663},"median_abs_dev":{"confidence_interval":{"confidence_level":0.95,"lower_bound":145942.54534898864,"upper_bound":230943.1152999401},"point_estimate":195085.24885654892,"standard_error":21802.60978939227},"slope":null,"std_dev":{"confidence_interval":{"confidence_level":0.95,"lower_bound":179186.22796146662,"upper_bound":326625.4773422552},"point_estimate":253612.08514928792,"standard_error":38163.302686929084}}