{"mean":{"confidence_interval":{"confidence_level":0.95,"lower_bound":-0.03525049076625042,"upper_bound":-0.010333110384510583},"point_estimate":-0.022427330372477128,"standard_error":0.006500867903995143},"median":{"confidence_interval":{"confidence_level":0.95,"lower_bound":-0.033967296787324464,"upper_bound":-0.005448645249065631},"point_estimate":-0.014406670847626812,"standard_error":0.007564441711233287}}