{"mean":{"confidence_interval":{"confidence_level":0.95,"lower_bound":0.026070055120304123,"upper_bound":0.046311183445997745},"point_estimate":0.035983743198587215,"standard_error":0.005180359248400029},"median":{"confidence_interval":{"confidence_level":0.95,"lower_bound":0.007139286748804707,"upper_bound":0.03320928046950988},"point_estimate":0.018765034311561735,"standard_error":0.006689162882841055}}