{"mean":{"confidence_interval":{"confidence_level":0.95,"lower_bound":-0.05966473103237177,"upper_bound":-0.045745905566184596},"point_estimate":-0.05311375153357434,"standard_error":0.0035869043085483164},"median":{"confidence_interval":{"confidence_level":0.95,"lower_bound":-0.0741119054882291,"upper_bound":-0.06895187703177708},"point_estimate":-0.0716502645129059,"standard_error":0.001322123226571696}}