{"mean":{"confidence_interval":{"confidence_level":0.95,"lower_bound":45946946.669230774,"upper_bound":46333472.09},"point_estimate":46131025.10153846,"standard_error":98531.85702365068},"median":{"confidence_interval":{"confidence_level":0.95,"lower_bound":45842135.73076923,"upper_bound":46168410.692307696},"point_estimate":45958450.15384615,"standard_error":97033.86197940785},"median_abs_dev":{"confidence_interval":{"confidence_level":0.95,"lower_bound":553251.5110008958,"upper_bound":930672.3674311156},"point_estimate":763929.7085606157,"standard_error":94994.07394879014},"slope":null,"std_dev":{"confidence_interval":{"confidence_level":0.95,"lower_bound":709661.4999501149,"upper_bound":1237033.8395158555},"point_estimate":988053.5340890558,"standard_error":134696.21565587135}}