{"mean":{"confidence_interval":{"confidence_level":0.95,"lower_bound":-0.6093851500505676,"upper_bound":-0.6004984965228432},"point_estimate":-0.6049100592207127,"standard_error":0.002295668848270994},"median":{"confidence_interval":{"confidence_level":0.95,"lower_bound":-0.6094465425126604,"upper_bound":-0.6024709961959308},"point_estimate":-0.606559992163806,"standard_error":0.0019012683276656847}}