{"mean":{"confidence_interval":{"confidence_level":0.95,"lower_bound":0.19681121953122502,"upper_bound":0.3283293111621808},"point_estimate":0.26004909720991853,"standard_error":0.03369454138774075},"median":{"confidence_interval":{"confidence_level":0.95,"lower_bound":0.13392027931799988,"upper_bound":0.6505405761189127},"point_estimate":0.5903262420348927,"standard_error":0.17072431622983797}}