{"mean":{"confidence_interval":{"confidence_level":0.95,"lower_bound":751259238.7117593,"upper_bound":756706244.4491388},"point_estimate":754389207.2800925,"standard_error":1407260.1528815464},"median":{"confidence_interval":{"confidence_level":0.95,"lower_bound":753313675.3333334,"upper_bound":757184619.9444444},"point_estimate":754882946.4,"standard_error":1145212.0434787949},"median_abs_dev":{"confidence_interval":{"confidence_level":0.95,"lower_bound":606982.7440016276,"upper_bound":5277368.0897301445},"point_estimate":2505480.2895188923,"standard_error":1193099.392463403},"slope":{"confidence_interval":{"confidence_level":0.95,"lower_bound":747297955.4382441,"upper_bound":757135177.5972054},"point_estimate":752694654.0277057,"standard_error":2871978.5455110115},"std_dev":{"confidence_interval":{"confidence_level":0.95,"lower_bound":1444597.7138097216,"upper_bound":6883963.111394282},"point_estimate":4660111.231650379,"standard_error":1676030.763436453}}