{"mean":{"confidence_interval":{"confidence_level":0.95,"lower_bound":-0.17229678156464684,"upper_bound":-0.13511788865681237},"point_estimate":-0.15457191142857651,"standard_error":0.009429343646924425},"median":{"confidence_interval":{"confidence_level":0.95,"lower_bound":-0.19813566746759398,"upper_bound":-0.15567269883639223},"point_estimate":-0.1786562420666944,"standard_error":0.009860343071745872}}