{"mean":{"confidence_interval":{"confidence_level":0.95,"lower_bound":-0.0011271709729376704,"upper_bound":0.007650887879453871},"point_estimate":0.003274651541429696,"standard_error":0.0022185985228283735},"median":{"confidence_interval":{"confidence_level":0.95,"lower_bound":-0.003678071163765173,"upper_bound":0.006217285077864565},"point_estimate":0.0021211860009684447,"standard_error":0.002159157110848043}}