{"mean":{"confidence_interval":{"confidence_level":0.95,"lower_bound":-0.32008935825940876,"upper_bound":-0.2580539035087273},"point_estimate":-0.28679004839710953,"standard_error":0.015422895778463733},"median":{"confidence_interval":{"confidence_level":0.95,"lower_bound":-0.28253649020797056,"upper_bound":-0.27640732116183564},"point_estimate":-0.2779749991313867,"standard_error":0.00155321677111982}}