{"mean":{"confidence_interval":{"confidence_level":0.95,"lower_bound":0.010131266131508259,"upper_bound":0.012382177536673806},"point_estimate":0.011241305303529847,"standard_error":0.0005753309772760924},"median":{"confidence_interval":{"confidence_level":0.95,"lower_bound":0.00986521290565423,"upper_bound":0.01186272997885962},"point_estimate":0.010865238013872514,"standard_error":0.00046214432850318814}}