{"mean":{"confidence_interval":{"confidence_level":0.95,"lower_bound":43609699.13285713,"upper_bound":43802474.56214284},"point_estimate":43709723.25357142,"standard_error":48879.24393368268},"median":{"confidence_interval":{"confidence_level":0.95,"lower_bound":43903650.64285714,"upper_bound":43920005.28571428},"point_estimate":43913809.57142857,"standard_error":4276.394322688048},"median_abs_dev":{"confidence_interval":{"confidence_level":0.95,"lower_bound":42083.49435286941,"upper_bound":74047.2947566429},"point_estimate":60047.416933946035,"standard_error":7840.8818682031815},"slope":null,"std_dev":{"confidence_interval":{"confidence_level":0.95,"lower_bound":396347.91329700657,"upper_bound":556682.6175135444},"point_estimate":488259.3906883387,"standard_error":40912.34502065342}}