{"mean":{"confidence_interval":{"confidence_level":0.95,"lower_bound":-0.0552815866169914,"upper_bound":0.022552434442984902},"point_estimate":-0.014961404386634958,"standard_error":0.020694428225385784},"median":{"confidence_interval":{"confidence_level":0.95,"lower_bound":-0.13705256611841876,"upper_bound":-0.07777729009816314},"point_estimate":-0.11880247447995274,"standard_error":0.015619217441209728}}