{"mean":{"confidence_interval":{"confidence_level":0.95,"lower_bound":-0.23154794920689986,"upper_bound":-0.19179856186963992},"point_estimate":-0.21257034220060322,"standard_error":0.010023703812319148},"median":{"confidence_interval":{"confidence_level":0.95,"lower_bound":-0.22693384053830312,"upper_bound":-0.1424831430207002},"point_estimate":-0.16816309329297474,"standard_error":0.02340415089918798}}