{"mean":{"confidence_interval":{"confidence_level":0.95,"lower_bound":-0.006394656905174314,"upper_bound":0.030623318607878234},"point_estimate":0.009881714279033504,"standard_error":0.009677427640980231},"median":{"confidence_interval":{"confidence_level":0.95,"lower_bound":-0.0062820563850861655,"upper_bound":0.006358025122138233},"point_estimate":-0.00005467564840067052,"standard_error":0.0034337848082982504}}