{"mean":{"confidence_interval":{"confidence_level":0.95,"lower_bound":-0.3240953623810206,"upper_bound":-0.1562437082285559},"point_estimate":-0.246544037033552,"standard_error":0.03936177139900497},"median":{"confidence_interval":{"confidence_level":0.95,"lower_bound":-0.25589741488979667,"upper_bound":-0.2536516706641335},"point_estimate":-0.25472285526501937,"standard_error":0.0005599764648404768}}