{"mean":{"confidence_interval":{"confidence_level":0.95,"lower_bound":-0.17352002945455092,"upper_bound":-0.1708421853464512},"point_estimate":-0.1721384347149989,"standard_error":0.000682136705605158},"median":{"confidence_interval":{"confidence_level":0.95,"lower_bound":-0.17162354215909859,"upper_bound":-0.1684708770575165},"point_estimate":-0.170199611131707,"standard_error":0.0008981997319928938}}