{"mean":{"confidence_interval":{"confidence_level":0.95,"lower_bound":-0.15643107239756654,"upper_bound":-0.08022758195126407},"point_estimate":-0.10814507721885969,"standard_error":0.02385959480877574},"median":{"confidence_interval":{"confidence_level":0.95,"lower_bound":-0.0902994356204746,"upper_bound":-0.08850807340235833},"point_estimate":-0.08937312572483314,"standard_error":0.0004340872383724111}}