{"mean":{"confidence_interval":{"confidence_level":0.95,"lower_bound":-0.23941463527956627,"upper_bound":-0.23678819051649821},"point_estimate":-0.23805876078551247,"standard_error":0.0006691626549333422},"median":{"confidence_interval":{"confidence_level":0.95,"lower_bound":-0.23731436902931702,"upper_bound":-0.23413575958081118},"point_estimate":-0.2348341574035101,"standard_error":0.0007952232359728135}}