{"mean":{"confidence_interval":{"confidence_level":0.95,"lower_bound":-0.012649064356992824,"upper_bound":0.0017348996379640182},"point_estimate":-0.005829219187809209,"standard_error":0.003706670241653608},"median":{"confidence_interval":{"confidence_level":0.95,"lower_bound":-0.02139257194684252,"upper_bound":-0.005413646522813731},"point_estimate":-0.01204832893494101,"standard_error":0.0040674395128563}}