{"mean":{"confidence_interval":{"confidence_level":0.95,"lower_bound":-0.08197161869069156,"upper_bound":-0.0731186752496651},"point_estimate":-0.07765061239101756,"standard_error":0.002255813627817105},"median":{"confidence_interval":{"confidence_level":0.95,"lower_bound":-0.08395920315991359,"upper_bound":-0.0790522185708632},"point_estimate":-0.08076549492188068,"standard_error":0.001258870885457053}}