{"mean":{"confidence_interval":{"confidence_level":0.95,"lower_bound":-0.21354506358035336,"upper_bound":-0.20196365767838861},"point_estimate":-0.2082361690724217,"standard_error":0.003031282887481073},"median":{"confidence_interval":{"confidence_level":0.95,"lower_bound":-0.2168874015571165,"upper_bound":-0.21386256877241505},"point_estimate":-0.2156601377912727,"standard_error":0.0007252701772127085}}