{"mean":{"confidence_interval":{"confidence_level":0.95,"lower_bound":-0.5751270471117993,"upper_bound":-0.5493824279725937},"point_estimate":-0.5622962780128689,"standard_error":0.006633847895789969},"median":{"confidence_interval":{"confidence_level":0.95,"lower_bound":-0.5712820355207502,"upper_bound":-0.5479799554573224},"point_estimate":-0.5552194099941274,"standard_error":0.00575523605997417}}