{"mean":{"confidence_interval":{"confidence_level":0.95,"lower_bound":673156.9174400767,"upper_bound":677117.7512785054},"point_estimate":675081.664320555,"standard_error":999.9097116875811},"median":{"confidence_interval":{"confidence_level":0.95,"lower_bound":672999.84608477,"upper_bound":678758.3181410884},"point_estimate":674826.6344866072,"standard_error":1515.0437958113816},"median_abs_dev":{"confidence_interval":{"confidence_level":0.95,"lower_bound":6872.348513753374,"upper_bound":11247.167384868304},"point_estimate":9288.81269677649,"standard_error":1130.809838158549},"slope":{"confidence_interval":{"confidence_level":0.95,"lower_bound":677191.7560964249,"upper_bound":682333.4129520928},"point_estimate":679611.790538274,"standard_error":1320.759131299357},"std_dev":{"confidence_interval":{"confidence_level":0.95,"lower_bound":8288.933695441172,"upper_bound":11698.292218113953},"point_estimate":9979.87313093429,"standard_error":871.0056759626282}}