{"mean":{"confidence_interval":{"confidence_level":0.95,"lower_bound":0.04619712288367807,"upper_bound":0.07748303911827539},"point_estimate":0.06109485954612137,"standard_error":0.00796927454604463},"median":{"confidence_interval":{"confidence_level":0.95,"lower_bound":0.03979982594041398,"upper_bound":0.08008832298050406},"point_estimate":0.05778142970572442,"standard_error":0.008940561280078212}}