{"mean":{"confidence_interval":{"confidence_level":0.95,"lower_bound":-0.09960994772530951,"upper_bound":-0.03441453988047157},"point_estimate":-0.06721640266767415,"standard_error":0.01665640617095444},"median":{"confidence_interval":{"confidence_level":0.95,"lower_bound":-0.011821776570344555,"upper_bound":0.023980857546631373},"point_estimate":0.009432972681707064,"standard_error":0.010414802657158724}}