{"mean":{"confidence_interval":{"confidence_level":0.95,"lower_bound":0.5050529993659006,"upper_bound":0.5589437684622794},"point_estimate":0.5329418778264909,"standard_error":0.01379561465320293},"median":{"confidence_interval":{"confidence_level":0.95,"lower_bound":0.5742634260776358,"upper_bound":0.607990531265892},"point_estimate":0.592343485122605,"standard_error":0.008034526243108847}}