{"mean":{"confidence_interval":{"confidence_level":0.95,"lower_bound":10932230153.7,"upper_bound":10942599213.98625},"point_estimate":10937466518.0,"standard_error":2675279.529700477},"median":{"confidence_interval":{"confidence_level":0.95,"lower_bound":10929140499.5,"upper_bound":10944857094.5},"point_estimate":10937681628.75,"standard_error":5086411.388389374},"median_abs_dev":{"confidence_interval":{"confidence_level":0.95,"lower_bound":1734605.6455045938,"upper_bound":14506158.444464207},"point_estimate":11318974.733448029,"standard_error":3214920.5921905255},"slope":null,"std_dev":{"confidence_interval":{"confidence_level":0.95,"lower_bound":6017156.644686975,"upper_bound":10421159.522181062},"point_estimate":8955181.743816966,"standard_error":1142077.1362754132}}