{"mean":{"confidence_interval":{"confidence_level":0.95,"lower_bound":-0.07360637051394042,"upper_bound":-0.06448441795071035},"point_estimate":-0.06894104085099217,"standard_error":0.002314700013077141},"median":{"confidence_interval":{"confidence_level":0.95,"lower_bound":-0.07256711442157981,"upper_bound":-0.06334899573273423},"point_estimate":-0.068135696920537,"standard_error":0.002224470802126655}}