{"mean":{"confidence_interval":{"confidence_level":0.95,"lower_bound":34379723.70569443,"upper_bound":34391925.49494445},"point_estimate":34385765.34722223,"standard_error":3114.173054599478},"median":{"confidence_interval":{"confidence_level":0.95,"lower_bound":34374860.833333336,"upper_bound":34400861.38888889},"point_estimate":34393088.11111111,"standard_error":6708.987154960572},"median_abs_dev":{"confidence_interval":{"confidence_level":0.95,"lower_bound":28593.299542363777,"upper_bound":45650.85933953892},"point_estimate":37425.806518893674,"standard_error":4468.589012524093},"slope":null,"std_dev":{"confidence_interval":{"confidence_level":0.95,"lower_bound":27911.739851750863,"upper_bound":34407.80164916475},"point_estimate":31305.524144828283,"standard_error":1650.5305821407349}}