{"mean":{"confidence_interval":{"confidence_level":0.95,"lower_bound":-0.042917139803012455,"upper_bound":-0.021728029528732817},"point_estimate":-0.03222047604389655,"standard_error":0.005425950786228812},"median":{"confidence_interval":{"confidence_level":0.95,"lower_bound":-0.04824741013168965,"upper_bound":-0.03233087859160977},"point_estimate":-0.04151093676589135,"standard_error":0.003943542583927275}}