{"mean":{"confidence_interval":{"confidence_level":0.95,"lower_bound":843147.9224894505,"upper_bound":850546.6442035548},"point_estimate":846945.811342033,"standard_error":1892.2468356062031},"median":{"confidence_interval":{"confidence_level":0.95,"lower_bound":851665.2071170283,"upper_bound":855739.4323976585},"point_estimate":853723.7034785068,"standard_error":1153.2370408168065},"median_abs_dev":{"confidence_interval":{"confidence_level":0.95,"lower_bound":6474.7561511120575,"upper_bound":14274.52107778805},"point_estimate":10445.172762995024,"standard_error":2057.0359351441425},"slope":{"confidence_interval":{"confidence_level":0.95,"lower_bound":857306.1839722197,"upper_bound":861380.5587240979},"point_estimate":859265.1310095373,"standard_error":1037.4216722267824},"std_dev":{"confidence_interval":{"confidence_level":0.95,"lower_bound":16067.002188592534,"upper_bound":21528.32615616371},"point_estimate":19056.499180263436,"standard_error":1392.4857125322153}}