{"mean":{"confidence_interval":{"confidence_level":0.95,"lower_bound":-0.2599696763292321,"upper_bound":-0.22754414183400407},"point_estimate":-0.24362042560596042,"standard_error":0.008288251969964175},"median":{"confidence_interval":{"confidence_level":0.95,"lower_bound":-0.26874561180833734,"upper_bound":-0.23596349769096703},"point_estimate":-0.25166953220666366,"standard_error":0.007826287256301556}}