{"mean":{"confidence_interval":{"confidence_level":0.95,"lower_bound":-0.23407243160259653,"upper_bound":-0.22287520720072093},"point_estimate":-0.228947229109965,"standard_error":0.002845107786185945},"median":{"confidence_interval":{"confidence_level":0.95,"lower_bound":-0.23326749562616556,"upper_bound":-0.21841178469632638},"point_estimate":-0.23203258824994433,"standard_error":0.0036274996544910735}}