{"mean":{"confidence_interval":{"confidence_level":0.95,"lower_bound":-0.005052707051632113,"upper_bound":0.013601767418901768},"point_estimate":0.004615090830642377,"standard_error":0.00476651998676952},"median":{"confidence_interval":{"confidence_level":0.95,"lower_bound":0.0011192415433867176,"upper_bound":0.006200563509742629},"point_estimate":0.003365094497422172,"standard_error":0.00130879975255542}}