{"mean":{"confidence_interval":{"confidence_level":0.95,"lower_bound":24425476.20875,"upper_bound":24533205.08184375},"point_estimate":24465118.148125,"standard_error":30724.303186402125},"median":{"confidence_interval":{"confidence_level":0.95,"lower_bound":24418831.0,"upper_bound":24450837.0},"point_estimate":24431684.5625,"standard_error":7298.774727582432},"median_abs_dev":{"confidence_interval":{"confidence_level":0.95,"lower_bound":48759.1919593513,"upper_bound":81737.21914887428},"point_estimate":65330.72150889784,"standard_error":8063.2157031866545},"slope":null,"std_dev":{"confidence_interval":{"confidence_level":0.95,"lower_bound":56748.856613727585,"upper_bound":523394.82800688635},"point_estimate":308989.2519150097,"standard_error":163989.34068070832}}