{"mean":{"confidence_interval":{"confidence_level":0.95,"lower_bound":-0.6136574286645754,"upper_bound":-0.5703420351031384},"point_estimate":-0.5934608373429149,"standard_error":0.010962244844277139},"median":{"confidence_interval":{"confidence_level":0.95,"lower_bound":-0.6872090090832439,"upper_bound":-0.5397526225916001},"point_estimate":-0.6751570112016834,"standard_error":0.04884747373477455}}