{"mean":{"confidence_interval":{"confidence_level":0.95,"lower_bound":-0.10924953650620395,"upper_bound":-0.10176056688604454},"point_estimate":-0.10559133908491469,"standard_error":0.0019065001042870493},"median":{"confidence_interval":{"confidence_level":0.95,"lower_bound":-0.10788085588537666,"upper_bound":-0.10516827985402155},"point_estimate":-0.10655642048119374,"standard_error":0.0006741087159376612}}