{"mean":{"confidence_interval":{"confidence_level":0.95,"lower_bound":-0.0025584778795152167,"upper_bound":0.00936334879860523},"point_estimate":0.003492643185197597,"standard_error":0.003048248389163366},"median":{"confidence_interval":{"confidence_level":0.95,"lower_bound":-0.0014051761918688773,"upper_bound":0.0099417193013005},"point_estimate":0.004529123119400236,"standard_error":0.0031802322986868594}}