{"mean":{"confidence_interval":{"confidence_level":0.95,"lower_bound":-0.2845397428973206,"upper_bound":-0.28088182395868844},"point_estimate":-0.28269430134170015,"standard_error":0.0009321151676229761},"median":{"confidence_interval":{"confidence_level":0.95,"lower_bound":-0.2816984099651446,"upper_bound":-0.27911398953854905},"point_estimate":-0.2798397278380452,"standard_error":0.0006517962977738773}}