{"mean":{"confidence_interval":{"confidence_level":0.95,"lower_bound":-0.47250702867168975,"upper_bound":-0.441999863178316},"point_estimate":-0.4576651365769292,"standard_error":0.007807399550650819},"median":{"confidence_interval":{"confidence_level":0.95,"lower_bound":-0.438200803438645,"upper_bound":-0.41321221130744856},"point_estimate":-0.4221397496063487,"standard_error":0.006362855839796554}}