{"mean":{"confidence_interval":{"confidence_level":0.95,"lower_bound":112377286.67833334,"upper_bound":113393434.99166667},"point_estimate":112882864.54833335,"standard_error":259861.80992854174},"median":{"confidence_interval":{"confidence_level":0.95,"lower_bound":112487091.66666667,"upper_bound":113649580.83333334},"point_estimate":112970728.75,"standard_error":304796.69962057966},"median_abs_dev":{"confidence_interval":{"confidence_level":0.95,"lower_bound":1766897.6613312922,"upper_bound":3011953.984627124},"point_estimate":2427686.044999961,"standard_error":311768.08355905785},"slope":null,"std_dev":{"confidence_interval":{"confidence_level":0.95,"lower_bound":2221209.011178675,"upper_bound":2901554.230906165},"point_estimate":2583416.807977126,"standard_error":173720.6422654908}}