{"mean":{"confidence_interval":{"confidence_level":0.95,"lower_bound":26771539.323000006,"upper_bound":27078195.867500003},"point_estimate":26924252.166000012,"standard_error":77808.58468585335},"median":{"confidence_interval":{"confidence_level":0.95,"lower_bound":26773036.35,"upper_bound":27034679.575000003},"point_estimate":26894337.325000003,"standard_error":68862.5588184281},"median_abs_dev":{"confidence_interval":{"confidence_level":0.95,"lower_bound":461876.4825050544,"upper_bound":778342.0058816671},"point_estimate":552785.6210660945,"standard_error":78842.87545954846},"slope":null,"std_dev":{"confidence_interval":{"confidence_level":0.95,"lower_bound":650062.9274887622,"upper_bound":903159.9092002292},"point_estimate":783227.0250237171,"standard_error":64459.7509499292}}