{"mean":{"confidence_interval":{"confidence_level":0.95,"lower_bound":-0.3492882985630479,"upper_bound":-0.34423594757107917},"point_estimate":-0.3465712766131498,"standard_error":0.0012933522570209724},"median":{"confidence_interval":{"confidence_level":0.95,"lower_bound":-0.3523288655055036,"upper_bound":-0.34292547957449293},"point_estimate":-0.3451960488973944,"standard_error":0.002140962508677514}}