{"mean":{"confidence_interval":{"confidence_level":0.95,"lower_bound":-0.7896686692983415,"upper_bound":-0.783698556118187},"point_estimate":-0.786713435383502,"standard_error":0.0015118836543006546},"median":{"confidence_interval":{"confidence_level":0.95,"lower_bound":-0.7866041716848481,"upper_bound":-0.7812874762137727},"point_estimate":-0.7842721377912929,"standard_error":0.001277628523706241}}