{"mean":{"confidence_interval":{"confidence_level":0.95,"lower_bound":-0.02236063845263023,"upper_bound":-0.01755330001112081},"point_estimate":-0.01988258229384332,"standard_error":0.0012272081222587028},"median":{"confidence_interval":{"confidence_level":0.95,"lower_bound":-0.018420837500758735,"upper_bound":-0.014621702745056586},"point_estimate":-0.01575656708570694,"standard_error":0.000944836603732955}}