{"mean":{"confidence_interval":{"confidence_level":0.95,"lower_bound":-0.06237968814703436,"upper_bound":-0.05877053094448431},"point_estimate":-0.06078198174782701,"standard_error":0.0009136091695342974},"median":{"confidence_interval":{"confidence_level":0.95,"lower_bound":-0.06321022468383164,"upper_bound":-0.05874456507667403},"point_estimate":-0.06137706406698695,"standard_error":0.0010929167817757101}}