{"mean":{"confidence_interval":{"confidence_level":0.95,"lower_bound":-0.22141907770558394,"upper_bound":-0.21912601268891715},"point_estimate":-0.22017142013356972,"standard_error":0.0005878383834909517},"median":{"confidence_interval":{"confidence_level":0.95,"lower_bound":-0.2205690892892247,"upper_bound":-0.21897839362619287},"point_estimate":-0.2197037773067898,"standard_error":0.0003879736912352069}}