{"mean":{"confidence_interval":{"confidence_level":0.95,"lower_bound":-0.08477145813242255,"upper_bound":-0.07528446469842605},"point_estimate":-0.08020047577694689,"standard_error":0.0024261121277955036},"median":{"confidence_interval":{"confidence_level":0.95,"lower_bound":-0.08376007949857434,"upper_bound":-0.07799039669205632},"point_estimate":-0.07940975585747545,"standard_error":0.0014385860039440414}}