{"mean":{"confidence_interval":{"confidence_level":0.95,"lower_bound":-0.36703139220914593,"upper_bound":-0.33376381760446266},"point_estimate":-0.3506881456506047,"standard_error":0.008485643819832456},"median":{"confidence_interval":{"confidence_level":0.95,"lower_bound":-0.3478491923195699,"upper_bound":-0.3232124137472585},"point_estimate":-0.33541225443001477,"standard_error":0.005882951949941538}}