{"mean":{"confidence_interval":{"confidence_level":0.95,"lower_bound":33761641.257525004,"upper_bound":33916899.871525},"point_estimate":33835697.272999994,"standard_error":39485.05339026495},"median":{"confidence_interval":{"confidence_level":0.95,"lower_bound":33638575.45,"upper_bound":33754183.0},"point_estimate":33665376.45,"standard_error":28907.24549935688},"median_abs_dev":{"confidence_interval":{"confidence_level":0.95,"lower_bound":136474.43582059667,"upper_bound":284887.0705622479},"point_estimate":177834.9016428049,"standard_error":34295.55601212851},"slope":null,"std_dev":{"confidence_interval":{"confidence_level":0.95,"lower_bound":297294.1578977736,"upper_bound":496799.5294884074},"point_estimate":399041.4168609975,"standard_error":51252.19814811883}}