{"mean":{"confidence_interval":{"confidence_level":0.95,"lower_bound":0.08594827684088598,"upper_bound":0.11226418162000981},"point_estimate":0.09961831779838137,"standard_error":0.006700859330745035},"median":{"confidence_interval":{"confidence_level":0.95,"lower_bound":0.08806424152005876,"upper_bound":0.12057182070601602},"point_estimate":0.09932102460042924,"standard_error":0.008782771564777466}}