{"mean":{"confidence_interval":{"confidence_level":0.95,"lower_bound":3330140.563479173,"upper_bound":3381737.803568883},"point_estimate":3354839.3126434386,"standard_error":13204.82055901767},"median":{"confidence_interval":{"confidence_level":0.95,"lower_bound":3289721.1906906907,"upper_bound":3383469.2},"point_estimate":3332034.6421845574,"standard_error":27651.752534162842},"median_abs_dev":{"confidence_interval":{"confidence_level":0.95,"lower_bound":93995.36813395174,"upper_bound":167453.90559738097},"point_estimate":147197.5541512061,"standard_error":20613.093728434374},"slope":{"confidence_interval":{"confidence_level":0.95,"lower_bound":3279832.085392522,"upper_bound":3325507.021996328},"point_estimate":3300529.2135727303,"standard_error":11634.379234537471},"std_dev":{"confidence_interval":{"confidence_level":0.95,"lower_bound":101206.86742845867,"upper_bound":172488.05591298683},"point_estimate":133248.94984893283,"standard_error":20502.004780280997}}