{"mean":{"confidence_interval":{"confidence_level":0.95,"lower_bound":324648713.555,"upper_bound":325843078.875},"point_estimate":325219473.655,"standard_error":304190.0564750759},"median":{"confidence_interval":{"confidence_level":0.95,"lower_bound":323679465.75,"upper_bound":324951793.75},"point_estimate":324429763.5,"standard_error":299308.1007126784},"median_abs_dev":{"confidence_interval":{"confidence_level":0.95,"lower_bound":1638436.7982119322,"upper_bound":2970568.719849354},"point_estimate":2179178.0736118555,"standard_error":338396.1406219219},"slope":null,"std_dev":{"confidence_interval":{"confidence_level":0.95,"lower_bound":2405793.4521531644,"upper_bound":3678250.9845372722},"point_estimate":3050942.013592651,"standard_error":327357.4290397425}}