{"mean":{"confidence_interval":{"confidence_level":0.95,"lower_bound":-0.7192691371627733,"upper_bound":-0.6996073484607923},"point_estimate":-0.7089058683131737,"standard_error":0.004977434377223046},"median":{"confidence_interval":{"confidence_level":0.95,"lower_bound":-0.7393285771055029,"upper_bound":-0.7120105898491129},"point_estimate":-0.725072210257161,"standard_error":0.0065665818092198215}}