{"mean":{"confidence_interval":{"confidence_level":0.95,"lower_bound":-0.04616645278241202,"upper_bound":-0.03309883918618315},"point_estimate":-0.03925622814050456,"standard_error":0.0033511588729101265},"median":{"confidence_interval":{"confidence_level":0.95,"lower_bound":-0.04694504049251802,"upper_bound":-0.03310510827245894},"point_estimate":-0.03698571721653299,"standard_error":0.0032910995945792548}}