{"mean":{"confidence_interval":{"confidence_level":0.95,"lower_bound":10343340677.05,"upper_bound":10357957155.0},"point_estimate":10351140499.85,"standard_error":3748219.491877852},"median":{"confidence_interval":{"confidence_level":0.95,"lower_bound":10339406018.25,"upper_bound":10359934177.0},"point_estimate":10355611013.75,"standard_error":5334978.405817938},"median_abs_dev":{"confidence_interval":{"confidence_level":0.95,"lower_bound":689661.771056056,"upper_bound":21028281.409223378},"point_estimate":8934589.256179333,"standard_error":5534890.585129045},"slope":null,"std_dev":{"confidence_interval":{"confidence_level":0.95,"lower_bound":5531925.452587962,"upper_bound":15419309.651903251},"point_estimate":12475448.914376618,"standard_error":2488218.922452436}}