{"mean":{"confidence_interval":{"confidence_level":0.95,"lower_bound":-0.3456617217477742,"upper_bound":-0.3123414399062366},"point_estimate":-0.33010728179994353,"standard_error":0.008378765106181926},"median":{"confidence_interval":{"confidence_level":0.95,"lower_bound":-0.381946704456298,"upper_bound":-0.3011977531811742},"point_estimate":-0.33010119777179525,"standard_error":0.018382340277282822}}