{"mean":{"confidence_interval":{"confidence_level":0.95,"lower_bound":0.488672537246773,"upper_bound":0.6018301389700982},"point_estimate":0.5441113843873855,"standard_error":0.028904521628531726},"median":{"confidence_interval":{"confidence_level":0.95,"lower_bound":0.5752746802369946,"upper_bound":0.7420616277650867},"point_estimate":0.6569391313174746,"standard_error":0.04257558895418652}}