{"mean":{"confidence_interval":{"confidence_level":0.95,"lower_bound":-0.27925606008553044,"upper_bound":-0.27444204630303176},"point_estimate":-0.2769435797131473,"standard_error":0.001235831687283339},"median":{"confidence_interval":{"confidence_level":0.95,"lower_bound":-0.2761723988608378,"upper_bound":-0.273528963228992},"point_estimate":-0.27427858711795283,"standard_error":0.0006625794615922337}}