{"mean":{"confidence_interval":{"confidence_level":0.95,"lower_bound":0.5648595547806691,"upper_bound":0.586975408750121},"point_estimate":0.5763108520135305,"standard_error":0.005649033111888678},"median":{"confidence_interval":{"confidence_level":0.95,"lower_bound":0.5859063745698037,"upper_bound":0.6067747602948328},"point_estimate":0.5965760810192495,"standard_error":0.005268713472081879}}