{"mean":{"confidence_interval":{"confidence_level":0.95,"lower_bound":-0.11421413322038523,"upper_bound":-0.1062639018423244},"point_estimate":-0.11043799912270247,"standard_error":0.0020322333772522373},"median":{"confidence_interval":{"confidence_level":0.95,"lower_bound":-0.11237196510113767,"upper_bound":-0.10997139689559776},"point_estimate":-0.11081897578228161,"standard_error":0.0005941013053654459}}