{"mean":{"confidence_interval":{"confidence_level":0.95,"lower_bound":0.0180092453847568,"upper_bound":0.03156612463986653},"point_estimate":0.023930813494003722,"standard_error":0.003366603625645359},"median":{"confidence_interval":{"confidence_level":0.95,"lower_bound":0.017096177468436835,"upper_bound":0.03297724067754215},"point_estimate":0.020312178901897182,"standard_error":0.003745613506804103}}