{"mean":{"confidence_interval":{"confidence_level":0.95,"lower_bound":-0.2612048495833855,"upper_bound":-0.2567424431500471},"point_estimate":-0.2590171493852198,"standard_error":0.0011168183322262943},"median":{"confidence_interval":{"confidence_level":0.95,"lower_bound":-0.26079489328706285,"upper_bound":-0.25634614969268543},"point_estimate":-0.25892660050659944,"standard_error":0.0011255628598028967}}