{"mean":{"confidence_interval":{"confidence_level":0.95,"lower_bound":-0.25951195133589505,"upper_bound":-0.2573667941120528},"point_estimate":-0.25840172969090214,"standard_error":0.000552382343610815},"median":{"confidence_interval":{"confidence_level":0.95,"lower_bound":-0.26007031988269746,"upper_bound":-0.25659213037459705},"point_estimate":-0.2574930924704939,"standard_error":0.0009623486112070132}}