{"mean":{"confidence_interval":{"confidence_level":0.95,"lower_bound":1852639797.4994447,"upper_bound":1881864668.1111107},"point_estimate":1867804483.5555556,"standard_error":7447626.209186775},"median":{"confidence_interval":{"confidence_level":0.95,"lower_bound":1844655907.6666667,"upper_bound":1888362578.0},"point_estimate":1873001991.0,"standard_error":12370108.028897548},"median_abs_dev":{"confidence_interval":{"confidence_level":0.95,"lower_bound":10937554.639619706,"upper_bound":48926796.92117572},"point_estimate":40217425.96759808,"standard_error":9619875.6449656},"slope":null,"std_dev":{"confidence_interval":{"confidence_level":0.95,"lower_bound":20149784.599866845,"upper_bound":36741008.38294647},"point_estimate":29925442.504291095,"standard_error":4271564.201688415}}