{"mean":{"confidence_interval":{"confidence_level":0.95,"lower_bound":1833133136.488889,"upper_bound":1838188790.133333},"point_estimate":1835384219.1555552,"standard_error":1294906.8101918425},"median":{"confidence_interval":{"confidence_level":0.95,"lower_bound":1832657687.6666667,"upper_bound":1836423152.6666667},"point_estimate":1833756311.6666667,"standard_error":846811.8126137818},"median_abs_dev":{"confidence_interval":{"confidence_level":0.95,"lower_bound":741324.6968386201,"upper_bound":4201423.434209705},"point_estimate":2525052.0917716,"standard_error":1116058.9037380416},"slope":null,"std_dev":{"confidence_interval":{"confidence_level":0.95,"lower_bound":1508378.4632074034,"upper_bound":6925371.295084061},"point_estimate":5177055.829478807,"standard_error":1365495.9462543586}}