{"mean":{"confidence_interval":{"confidence_level":0.95,"lower_bound":-0.38782431203583995,"upper_bound":-0.20873575384660434},"point_estimate":-0.29379163716640966,"standard_error":0.04526988895297997},"median":{"confidence_interval":{"confidence_level":0.95,"lower_bound":-0.2757434379164537,"upper_bound":-0.2726622102957866},"point_estimate":-0.2744051688885296,"standard_error":0.000806747585221541}}