{"mean":{"confidence_interval":{"confidence_level":0.95,"lower_bound":-0.6114394917494912,"upper_bound":-0.6046247331430242},"point_estimate":-0.6081049843852407,"standard_error":0.0017520944321378848},"median":{"confidence_interval":{"confidence_level":0.95,"lower_bound":-0.6048703999652579,"upper_bound":-0.599774462216272},"point_estimate":-0.6014408812864668,"standard_error":0.0011434600876771648}}