{"mean":{"confidence_interval":{"confidence_level":0.95,"lower_bound":-0.44634117812705854,"upper_bound":-0.43525632797731084},"point_estimate":-0.4407161794162642,"standard_error":0.0029338869647474283},"median":{"confidence_interval":{"confidence_level":0.95,"lower_bound":-0.43441412790611766,"upper_bound":-0.4272585416464634},"point_estimate":-0.43031593862996476,"standard_error":0.0018173863432735355}}