{"mean":{"confidence_interval":{"confidence_level":0.95,"lower_bound":-0.3295508140946819,"upper_bound":-0.3018833799529514},"point_estimate":-0.3139992436476168,"standard_error":0.007370239412813442},"median":{"confidence_interval":{"confidence_level":0.95,"lower_bound":-0.34195073691611544,"upper_bound":-0.29223444063528037},"point_estimate":-0.3158647521624267,"standard_error":0.011157246745782359}}