{"mean":{"confidence_interval":{"confidence_level":0.95,"lower_bound":-0.013616557405674738,"upper_bound":-0.007458579763925152},"point_estimate":-0.010551852357984837,"standard_error":0.0015595874275518623},"median":{"confidence_interval":{"confidence_level":0.95,"lower_bound":-0.014307535352469869,"upper_bound":-0.006878312735027037},"point_estimate":-0.011645523064778285,"standard_error":0.0018348803444040518}}