{"mean":{"confidence_interval":{"confidence_level":0.95,"lower_bound":-0.006630765860382708,"upper_bound":0.002458706677316373},"point_estimate":-0.002099355845041617,"standard_error":0.002313595301217731},"median":{"confidence_interval":{"confidence_level":0.95,"lower_bound":-0.00756907219561942,"upper_bound":-0.00033454396636489747},"point_estimate":-0.0036225456848484328,"standard_error":0.0017524226683767138}}