{"mean":{"confidence_interval":{"confidence_level":0.95,"lower_bound":179835369.88799995,"upper_bound":183839570.126},"point_estimate":181889989.754,"standard_error":1024044.4553206837},"median":{"confidence_interval":{"confidence_level":0.95,"lower_bound":183442799.7,"upper_bound":185669979.60000002},"point_estimate":184822465.3,"standard_error":595259.3652934445},"median_abs_dev":{"confidence_interval":{"confidence_level":0.95,"lower_bound":4123636.108490869,"upper_bound":7631054.445601676},"point_estimate":5641536.194502724,"standard_error":912400.6827389624},"slope":null,"std_dev":{"confidence_interval":{"confidence_level":0.95,"lower_bound":8418162.538631938,"upper_bound":11979514.859191608},"point_estimate":10359618.144482043,"standard_error":903246.4421891676}}