{"mean":{"confidence_interval":{"confidence_level":0.95,"lower_bound":23955826.114117645,"upper_bound":24037674.535941172},"point_estimate":23987676.024705872,"standard_error":21759.45983318561},"median":{"confidence_interval":{"confidence_level":0.95,"lower_bound":23941280.11764706,"upper_bound":23964058.70588235},"point_estimate":23955611.794117644,"standard_error":6674.078558042414},"median_abs_dev":{"confidence_interval":{"confidence_level":0.95,"lower_bound":30553.55107521082,"upper_bound":49040.78784111977},"point_estimate":40095.91335286291,"standard_error":4612.70585865545},"slope":null,"std_dev":{"confidence_interval":{"confidence_level":0.95,"lower_bound":44981.14977348578,"upper_bound":360817.90859295736},"point_estimate":218430.92440651002,"standard_error":97749.40881271893}}