{"mean":{"confidence_interval":{"confidence_level":0.95,"lower_bound":-0.0026337986497411334,"upper_bound":0.002262341642380237},"point_estimate":-0.00025840512611319255,"standard_error":0.0012490485266114836},"median":{"confidence_interval":{"confidence_level":0.95,"lower_bound":-0.0055063300699559475,"upper_bound":-0.0023831182323487132},"point_estimate":-0.003731175503892903,"standard_error":0.000806345748963342}}