{"mean":{"confidence_interval":{"confidence_level":0.95,"lower_bound":-0.06724847627349027,"upper_bound":0.0025137639754198027},"point_estimate":-0.023564262307592676,"standard_error":0.02073851988263092},"median":{"confidence_interval":{"confidence_level":0.95,"lower_bound":-0.00395362849033031,"upper_bound":0.0033078707519174078},"point_estimate":0.0009364807677958442,"standard_error":0.001957203199377825}}