{"mean":{"confidence_interval":{"confidence_level":0.95,"lower_bound":0.011640019389255959,"upper_bound":0.04751085015877254},"point_estimate":0.02817366753313344,"standard_error":0.009130942809454343},"median":{"confidence_interval":{"confidence_level":0.95,"lower_bound":0.0020896421455585124,"upper_bound":0.04369376151574955},"point_estimate":0.014233173088619822,"standard_error":0.009698196835133462}}