{"mean":{"confidence_interval":{"confidence_level":0.95,"lower_bound":-0.005878337317387502,"upper_bound":0.004994771836939589},"point_estimate":-0.0005920248594067923,"standard_error":0.0027783110198693916},"median":{"confidence_interval":{"confidence_level":0.95,"lower_bound":-0.0007516696396883903,"upper_bound":0.0015356510047985772},"point_estimate":0.0005969645830450343,"standard_error":0.0005995907957453864}}