{"mean":{"confidence_interval":{"confidence_level":0.95,"lower_bound":-0.2729388324912152,"upper_bound":-0.26007080715060127},"point_estimate":-0.266737533520777,"standard_error":0.0033771430555204498},"median":{"confidence_interval":{"confidence_level":0.95,"lower_bound":-0.2775181324779974,"upper_bound":-0.25643021897043516},"point_estimate":-0.2666447729456364,"standard_error":0.005872574299834219}}