{"mean":{"confidence_interval":{"confidence_level":0.95,"lower_bound":0.005520576188868414,"upper_bound":0.07048213466614255},"point_estimate":0.03732275856387113,"standard_error":0.016207154801340613},"median":{"confidence_interval":{"confidence_level":0.95,"lower_bound":-0.09650158337834969,"upper_bound":0.10564300160599971},"point_estimate":-0.08332508856105536,"standard_error":0.07399474780592152}}