{"mean":{"confidence_interval":{"confidence_level":0.95,"lower_bound":24248604.62933333,"upper_bound":24298955.11533332},"point_estimate":24270538.47199999,"standard_error":12972.8936208925},"median":{"confidence_interval":{"confidence_level":0.95,"lower_bound":24233112.333333336,"upper_bound":24263060.866666667},"point_estimate":24244466.666666664,"standard_error":7248.8959698015115},"median_abs_dev":{"confidence_interval":{"confidence_level":0.95,"lower_bound":44854.18424367776,"upper_bound":75449.4138205055},"point_estimate":59320.90058684404,"standard_error":7128.863486944311},"slope":null,"std_dev":{"confidence_interval":{"confidence_level":0.95,"lower_bound":50080.50045578612,"upper_bound":196353.9625556006},"point_estimate":131328.94293037735,"standard_error":38954.53132505217}}