{"mean":{"confidence_interval":{"confidence_level":0.95,"lower_bound":-0.07105105152474385,"upper_bound":-0.06416836326310826},"point_estimate":-0.06770752739057018,"standard_error":0.0017546267572001696},"median":{"confidence_interval":{"confidence_level":0.95,"lower_bound":-0.07055823114650674,"upper_bound":-0.062982981014408},"point_estimate":-0.06628966216095433,"standard_error":0.0019410039912938486}}