{"mean":{"confidence_interval":{"confidence_level":0.95,"lower_bound":-0.08265682798377169,"upper_bound":-0.07309674011261515},"point_estimate":-0.0778321784456587,"standard_error":0.002323526469112862},"median":{"confidence_interval":{"confidence_level":0.95,"lower_bound":-0.08400445887887087,"upper_bound":-0.0725539989012608},"point_estimate":-0.0792137591327996,"standard_error":0.002492438617229139}}