{"mean":{"confidence_interval":{"confidence_level":0.95,"lower_bound":-0.1193980838537543,"upper_bound":-0.09506797536211506},"point_estimate":-0.10762828531302404,"standard_error":0.006269710173853059},"median":{"confidence_interval":{"confidence_level":0.95,"lower_bound":-0.1296570200836572,"upper_bound":-0.08666898642598253},"point_estimate":-0.10376696510587946,"standard_error":0.011653274832749565}}