{"mean":{"confidence_interval":{"confidence_level":0.95,"lower_bound":-0.0013059016335637108,"upper_bound":0.005102681121768004},"point_estimate":0.0016582270938487742,"standard_error":0.0016414822421656273},"median":{"confidence_interval":{"confidence_level":0.95,"lower_bound":-0.0050755246111603425,"upper_bound":-0.0014971108967966051},"point_estimate":-0.004217249509211984,"standard_error":0.0010181911768894307}}