{"mean":{"confidence_interval":{"confidence_level":0.95,"lower_bound":4848496323.133333,"upper_bound":4908534743.966666},"point_estimate":4878077742.766666,"standard_error":15356378.628688226},"median":{"confidence_interval":{"confidence_level":0.95,"lower_bound":4837901471.0,"upper_bound":4919591308.333333},"point_estimate":4853942639.833333,"standard_error":27059550.816229813},"median_abs_dev":{"confidence_interval":{"confidence_level":0.95,"lower_bound":2470945.3470314797,"upper_bound":72089514.13135529},"point_estimate":44861980.495640166,"standard_error":20365813.42201415},"slope":null,"std_dev":{"confidence_interval":{"confidence_level":0.95,"lower_bound":29361761.44520054,"upper_bound":61984230.58301213},"point_estimate":51257595.787823685,"standard_error":8210337.038514425}}