{"mean":{"confidence_interval":{"confidence_level":0.95,"lower_bound":0.09758885661557214,"upper_bound":0.11638834681972014},"point_estimate":0.1060326870526398,"standard_error":0.004823567684631031},"median":{"confidence_interval":{"confidence_level":0.95,"lower_bound":0.09352337933249211,"upper_bound":0.11598698978912658},"point_estimate":0.10316422747437137,"standard_error":0.006285515474109763}}