{"mean":{"confidence_interval":{"confidence_level":0.95,"lower_bound":0.000780015663580225,"upper_bound":0.011704997814804413},"point_estimate":0.0061446960460092015,"standard_error":0.0027862923200033603},"median":{"confidence_interval":{"confidence_level":0.95,"lower_bound":0.0012029150520043164,"upper_bound":0.004505429707966746},"point_estimate":0.003098669797896747,"standard_error":0.0008274529245682064}}