{"mean":{"confidence_interval":{"confidence_level":0.95,"lower_bound":-0.08509878605597998,"upper_bound":-0.053355467503322096},"point_estimate":-0.06994477253449327,"standard_error":0.008104388246054346},"median":{"confidence_interval":{"confidence_level":0.95,"lower_bound":-0.08893272699100474,"upper_bound":-0.04150202595915953},"point_estimate":-0.04756336513765491,"standard_error":0.011375664069479697}}