{"mean":{"confidence_interval":{"confidence_level":0.95,"lower_bound":-0.05604192424816118,"upper_bound":-0.04249924030851109},"point_estimate":-0.04916853608304306,"standard_error":0.00347450740518915},"median":{"confidence_interval":{"confidence_level":0.95,"lower_bound":-0.053012540841806954,"upper_bound":-0.034312129868054764},"point_estimate":-0.044424171737364904,"standard_error":0.005113543507852415}}