{"mean":{"confidence_interval":{"confidence_level":0.95,"lower_bound":137745071.7425,"upper_bound":143696214.65},"point_estimate":140670909.0375,"standard_error":1511620.3521623232},"median":{"confidence_interval":{"confidence_level":0.95,"lower_bound":130653164.75,"upper_bound":148172633.625},"point_estimate":141654941.75,"standard_error":3940330.7748806966},"median_abs_dev":{"confidence_interval":{"confidence_level":0.95,"lower_bound":13721337.66202256,"upper_bound":22559541.935631808},"point_estimate":19691024.23213944,"standard_error":2067284.3873175234},"slope":null,"std_dev":{"confidence_interval":{"confidence_level":0.95,"lower_bound":13485868.89140533,"upper_bound":16403011.686971534},"point_estimate":15050066.37597789,"standard_error":747331.8496999093}}