{"mean":{"confidence_interval":{"confidence_level":0.95,"lower_bound":-0.29442706599479496,"upper_bound":-0.256982688504637},"point_estimate":-0.276549354647322,"standard_error":0.00984398323310599},"median":{"confidence_interval":{"confidence_level":0.95,"lower_bound":-0.3373228341870119,"upper_bound":-0.3090527260210174},"point_estimate":-0.32733040226980814,"standard_error":0.007257777638120433}}