{"mean":{"confidence_interval":{"confidence_level":0.95,"lower_bound":0.005026061902726454,"upper_bound":0.0212994807664762},"point_estimate":0.013276103847311038,"standard_error":0.004160140765876467},"median":{"confidence_interval":{"confidence_level":0.95,"lower_bound":0.013986803361816458,"upper_bound":0.017882380411860188},"point_estimate":0.01624863155373113,"standard_error":0.001036796584455223}}