{"mean":{"confidence_interval":{"confidence_level":0.95,"lower_bound":0.011108469968380177,"upper_bound":0.025718439698045308},"point_estimate":0.018384409639384147,"standard_error":0.003734164262219078},"median":{"confidence_interval":{"confidence_level":0.95,"lower_bound":0.014698992821239099,"upper_bound":0.01816390004912538},"point_estimate":0.016433284618434962,"standard_error":0.0009048770537518723}}