{"mean":{"confidence_interval":{"confidence_level":0.95,"lower_bound":-0.4408231028981951,"upper_bound":-0.4322920901460705},"point_estimate":-0.4364917249709569,"standard_error":0.002175039654306883},"median":{"confidence_interval":{"confidence_level":0.95,"lower_bound":-0.44261707983554044,"upper_bound":-0.42999623631652883},"point_estimate":-0.43849010711714376,"standard_error":0.003493130012886807}}