{"mean":{"confidence_interval":{"confidence_level":0.95,"lower_bound":1720301573.3555555,"upper_bound":1774827061.733333},"point_estimate":1747775177.1777778,"standard_error":13918318.797705116},"median":{"confidence_interval":{"confidence_level":0.95,"lower_bound":1721625271.6666667,"upper_bound":1778421922.3333333},"point_estimate":1760237633.3333333,"standard_error":19868428.821843915},"median_abs_dev":{"confidence_interval":{"confidence_level":0.95,"lower_bound":18867907.27462792,"upper_bound":96023880.14983535},"point_estimate":56135141.65440202,"standard_error":19100390.209318757},"slope":null,"std_dev":{"confidence_interval":{"confidence_level":0.95,"lower_bound":36066951.31835601,"upper_bound":67255821.19809529},"point_estimate":55396510.68646242,"standard_error":7858488.863990092}}