{"mean":{"confidence_interval":{"confidence_level":0.95,"lower_bound":416623884.44721,"upper_bound":426964107.1036772},"point_estimate":421492929.6553667,"standard_error":2606921.2093093744},"median":{"confidence_interval":{"confidence_level":0.95,"lower_bound":416210052.61538464,"upper_bound":429287743.0833333},"point_estimate":418445636.9583333,"standard_error":2829672.481926668},"median_abs_dev":{"confidence_interval":{"confidence_level":0.95,"lower_bound":2343919.528368888,"upper_bound":15032789.442454621},"point_estimate":5322497.255281793,"standard_error":3651498.13056799},"slope":{"confidence_interval":{"confidence_level":0.95,"lower_bound":413350838.42419356,"upper_bound":425270292.9384984},"point_estimate":418330510.05564517,"standard_error":3063444.9249243303},"std_dev":{"confidence_interval":{"confidence_level":0.95,"lower_bound":5438311.524332804,"upper_bound":13420337.86188243},"point_estimate":10453722.156529665,"standard_error":2012654.7519300547}}