{"mean":{"confidence_interval":{"confidence_level":0.95,"lower_bound":-0.0989859048890815,"upper_bound":-0.07115257206983716},"point_estimate":-0.08519654007463162,"standard_error":0.007125714125722936},"median":{"confidence_interval":{"confidence_level":0.95,"lower_bound":-0.11077545185103248,"upper_bound":-0.05077596169195531},"point_estimate":-0.09298188936650309,"standard_error":0.015681485916888904}}