{"mean":{"confidence_interval":{"confidence_level":0.95,"lower_bound":-0.05446447873482478,"upper_bound":-0.05282177022238114},"point_estimate":-0.05360711433356813,"standard_error":0.0004276092492010446},"median":{"confidence_interval":{"confidence_level":0.95,"lower_bound":-0.054649614831955295,"upper_bound":-0.05225015847453052},"point_estimate":-0.05321700107543914,"standard_error":0.000657135631025341}}