{"mean":{"confidence_interval":{"confidence_level":0.95,"lower_bound":-0.6816220634617515,"upper_bound":-0.6730700500212571},"point_estimate":-0.6766412388896047,"standard_error":0.002113628729217693},"median":{"confidence_interval":{"confidence_level":0.95,"lower_bound":-0.6786610693616466,"upper_bound":-0.6705174865462676},"point_estimate":-0.6734240925463493,"standard_error":0.0023385113080126607}}