{"mean":{"confidence_interval":{"confidence_level":0.95,"lower_bound":463739885.5824002,"upper_bound":464713539.9877147},"point_estimate":464212810.19755036,"standard_error":248426.45837603815},"median":{"confidence_interval":{"confidence_level":0.95,"lower_bound":463561931.25,"upper_bound":465109657.1},"point_estimate":464058635.06666666,"standard_error":406025.841207751},"median_abs_dev":{"confidence_interval":{"confidence_level":0.95,"lower_bound":489490.92424312246,"upper_bound":1596804.447478343},"point_estimate":1072374.5932215217,"standard_error":320683.7607109288},"slope":{"confidence_interval":{"confidence_level":0.95,"lower_bound":463895765.1735432,"upper_bound":464803613.3162642},"point_estimate":464301925.578629,"standard_error":229828.83945339278},"std_dev":{"confidence_interval":{"confidence_level":0.95,"lower_bound":673165.2077011844,"upper_bound":1196480.9358124512},"point_estimate":992701.93344936,"standard_error":133450.53935150398}}