{"mean":{"confidence_interval":{"confidence_level":0.95,"lower_bound":859956608.1916666,"upper_bound":865627317.4033333},"point_estimate":862890426.8030952,"standard_error":1441849.5278309432},"median":{"confidence_interval":{"confidence_level":0.95,"lower_bound":860412359.9333333,"upper_bound":867429062.8333334},"point_estimate":863644570.4166667,"standard_error":1854869.8998511988},"median_abs_dev":{"confidence_interval":{"confidence_level":0.95,"lower_bound":472663.7028251594,"upper_bound":8236854.654136669},"point_estimate":5201481.76742531,"standard_error":1916450.192707351},"slope":{"confidence_interval":{"confidence_level":0.95,"lower_bound":856973796.4498888,"upper_bound":863555252.8279953},"point_estimate":859885725.2259741,"standard_error":1656890.3382710556},"std_dev":{"confidence_interval":{"confidence_level":0.95,"lower_bound":2564833.1857533907,"upper_bound":6187879.791379956},"point_estimate":4737016.10028056,"standard_error":985623.3356299154}}