{"mean":{"confidence_interval":{"confidence_level":0.95,"lower_bound":0.01848845290352905,"upper_bound":0.023507624154112977},"point_estimate":0.02093582341158351,"standard_error":0.0012809281525460049},"median":{"confidence_interval":{"confidence_level":0.95,"lower_bound":0.01500835814806778,"upper_bound":0.019696655635177196},"point_estimate":0.016512136093828955,"standard_error":0.0011640494449970075}}