{"mean":{"confidence_interval":{"confidence_level":0.95,"lower_bound":-0.04317799763551933,"upper_bound":-0.03073045239028673},"point_estimate":-0.03638062616822091,"standard_error":0.0032027295807542304},"median":{"confidence_interval":{"confidence_level":0.95,"lower_bound":-0.04233263001398513,"upper_bound":-0.027867282514652425},"point_estimate":-0.03130917953623735,"standard_error":0.003613361823522009}}