{"mean":{"confidence_interval":{"confidence_level":0.95,"lower_bound":28115308.08195001,"upper_bound":28598274.278762497},"point_estimate":28351779.407,"standard_error":122772.56978479623},"median":{"confidence_interval":{"confidence_level":0.95,"lower_bound":27881278.725,"upper_bound":28409867.65},"point_estimate":28162172.450000003,"standard_error":164354.38031932447},"median_abs_dev":{"confidence_interval":{"confidence_level":0.95,"lower_bound":773163.4843246047,"upper_bound":1581962.4154445513},"point_estimate":1038809.4317324514,"standard_error":189950.5438108759},"slope":null,"std_dev":{"confidence_interval":{"confidence_level":0.95,"lower_bound":1058812.139436932,"upper_bound":1380242.6741233321},"point_estimate":1231183.116232434,"standard_error":82061.87062019814}}