{"mean":{"confidence_interval":{"confidence_level":0.95,"lower_bound":18252923.92676629,"upper_bound":18536248.452887002},"point_estimate":18391090.853997543,"standard_error":72374.2896705982},"median":{"confidence_interval":{"confidence_level":0.95,"lower_bound":18132074.94117647,"upper_bound":18409681.533333335},"point_estimate":18259443.37733918,"standard_error":68081.75795339435},"median_abs_dev":{"confidence_interval":{"confidence_level":0.95,"lower_bound":468430.90792542254,"upper_bound":758783.6081476173},"point_estimate":630088.4611932382,"standard_error":71759.88684134484},"slope":{"confidence_interval":{"confidence_level":0.95,"lower_bound":18191442.515779264,"upper_bound":18469793.601100277},"point_estimate":18323623.794316538,"standard_error":70972.42117495115},"std_dev":{"confidence_interval":{"confidence_level":0.95,"lower_bound":561209.4587297286,"upper_bound":896393.6681776544},"point_estimate":723523.9272358373,"standard_error":87469.63510916066}}