{"mean":{"confidence_interval":{"confidence_level":0.95,"lower_bound":0.0013158584369219076,"upper_bound":0.010030083542202254},"point_estimate":0.005673805723397596,"standard_error":0.0022240459798883393},"median":{"confidence_interval":{"confidence_level":0.95,"lower_bound":-0.00039533865131891055,"upper_bound":0.00977773247137926},"point_estimate":0.0038205169132428107,"standard_error":0.002833596358094721}}