{"mean":{"confidence_interval":{"confidence_level":0.95,"lower_bound":-0.2891928478399685,"upper_bound":-0.20742958856283186},"point_estimate":-0.25179562959304236,"standard_error":0.019966440241307445},"median":{"confidence_interval":{"confidence_level":0.95,"lower_bound":-0.2578860942178931,"upper_bound":-0.25624143573074},"point_estimate":-0.25719242362413375,"standard_error":0.00041578878519464395}}