{"mean":{"confidence_interval":{"confidence_level":0.95,"lower_bound":150837208.90745,"upper_bound":156832709.71554998},"point_estimate":153774906.36800003,"standard_error":1520756.0537010832},"median":{"confidence_interval":{"confidence_level":0.95,"lower_bound":148229092.7,"upper_bound":155220391.89999998},"point_estimate":151802778.2,"standard_error":1713720.8215349733},"median_abs_dev":{"confidence_interval":{"confidence_level":0.95,"lower_bound":12565272.289441807,"upper_bound":20547757.636744432},"point_estimate":15986739.265238656,"standard_error":2055840.6256982847},"slope":null,"std_dev":{"confidence_interval":{"confidence_level":0.95,"lower_bound":12899014.21416256,"upper_bound":17701743.007739782},"point_estimate":15378491.236416325,"standard_error":1241805.109829426}}