{"mean":{"confidence_interval":{"confidence_level":0.95,"lower_bound":-0.09409099412434938,"upper_bound":-0.08898618198127255},"point_estimate":-0.0914180116367257,"standard_error":0.0013017249605359537},"median":{"confidence_interval":{"confidence_level":0.95,"lower_bound":-0.08935513894589824,"upper_bound":-0.08540206831712771},"point_estimate":-0.08698528445584974,"standard_error":0.000995018701318001}}