{"mean":{"confidence_interval":{"confidence_level":0.95,"lower_bound":-0.007848424644132273,"upper_bound":0.0038684794890834202},"point_estimate":-0.002188756105822698,"standard_error":0.003000046609004504},"median":{"confidence_interval":{"confidence_level":0.95,"lower_bound":-0.003746985740181572,"upper_bound":0.0011433618687843872},"point_estimate":-0.001490563583933291,"standard_error":0.0012305492679351574}}