{"mean":{"confidence_interval":{"confidence_level":0.95,"lower_bound":31242068.504544128,"upper_bound":31675259.90058823},"point_estimate":31441606.404705882,"standard_error":110553.14033935196},"median":{"confidence_interval":{"confidence_level":0.95,"lower_bound":31043383.70588235,"upper_bound":31380641.676470585},"point_estimate":31179484.588235293,"standard_error":99975.91500009323},"median_abs_dev":{"confidence_interval":{"confidence_level":0.95,"lower_bound":493511.00376195554,"upper_bound":885274.1801361786},"point_estimate":684885.9240879016,"standard_error":95741.71194567377},"slope":null,"std_dev":{"confidence_interval":{"confidence_level":0.95,"lower_bound":635139.0959890631,"upper_bound":1541887.0210655318},"point_estimate":1112995.0281886002,"standard_error":231379.70583303095}}