{"mean":{"confidence_interval":{"confidence_level":0.95,"lower_bound":-0.8345776920353188,"upper_bound":-0.831859654309895},"point_estimate":-0.8331829146002788,"standard_error":0.0006950049868565749},"median":{"confidence_interval":{"confidence_level":0.95,"lower_bound":-0.8355355029223318,"upper_bound":-0.8324487403045925},"point_estimate":-0.8339224162440898,"standard_error":0.0009335618504367519}}