{"mean":{"confidence_interval":{"confidence_level":0.95,"lower_bound":-0.47664671934758274,"upper_bound":-0.46883749016472526},"point_estimate":-0.4730478722968904,"standard_error":0.0019407820344808768},"median":{"confidence_interval":{"confidence_level":0.95,"lower_bound":-0.4759450131239894,"upper_bound":-0.47103379467024664},"point_estimate":-0.47267544043835974,"standard_error":0.001186406885736644}}