{"mean":{"confidence_interval":{"confidence_level":0.95,"lower_bound":0.00850653081177655,"upper_bound":0.026415747244923564},"point_estimate":0.01739693942849252,"standard_error":0.004584350680969576},"median":{"confidence_interval":{"confidence_level":0.95,"lower_bound":0.013069795734631073,"upper_bound":0.019736260263563343},"point_estimate":0.016743199903269446,"standard_error":0.001730486439610126}}