{"mean":{"confidence_interval":{"confidence_level":0.95,"lower_bound":-0.7614278646798512,"upper_bound":-0.7601462557091178},"point_estimate":-0.7608006797845248,"standard_error":0.0003257592993799318},"median":{"confidence_interval":{"confidence_level":0.95,"lower_bound":-0.7616326854793825,"upper_bound":-0.7601139763636566},"point_estimate":-0.7610028539907544,"standard_error":0.0004400831417643386}}