{"mean":{"confidence_interval":{"confidence_level":0.95,"lower_bound":-0.2542654612662894,"upper_bound":-0.1843153343634063},"point_estimate":-0.21973803989213103,"standard_error":0.017939934170095265},"median":{"confidence_interval":{"confidence_level":0.95,"lower_bound":-0.27633475657759576,"upper_bound":-0.10062453576749053},"point_estimate":-0.23238177664474013,"standard_error":0.06067571480300299}}