{"mean":{"confidence_interval":{"confidence_level":0.95,"lower_bound":1835960557.8372226,"upper_bound":1876575289.2},"point_estimate":1856839701.6666667,"standard_error":10486548.784004409},"median":{"confidence_interval":{"confidence_level":0.95,"lower_bound":1839505843.6666667,"upper_bound":1887379340.0},"point_estimate":1868325900.3333333,"standard_error":12313369.155760223},"median_abs_dev":{"confidence_interval":{"confidence_level":0.95,"lower_bound":10308669.830584643,"upper_bound":70977244.4037019},"point_estimate":42728615.2554152,"standard_error":14587457.673098274},"slope":null,"std_dev":{"confidence_interval":{"confidence_level":0.95,"lower_bound":24597293.633753702,"upper_bound":53375516.43704275},"point_estimate":42311758.16273057,"standard_error":7306985.13839734}}