{"mean":{"confidence_interval":{"confidence_level":0.95,"lower_bound":35088516.38875,"upper_bound":35700944.074375},"point_estimate":35384000.053125,"standard_error":156608.9442634618},"median":{"confidence_interval":{"confidence_level":0.95,"lower_bound":34924834.75,"upper_bound":35474417.625},"point_estimate":35181281.46875,"standard_error":159145.87609927292},"median_abs_dev":{"confidence_interval":{"confidence_level":0.95,"lower_bound":872600.7084332407,"upper_bound":1503537.806481868},"point_estimate":1210355.5149368942,"standard_error":155965.77881755403},"slope":null,"std_dev":{"confidence_interval":{"confidence_level":0.95,"lower_bound":1172530.408907623,"upper_bound":1974238.048312788},"point_estimate":1583178.1395038886,"standard_error":205063.61224401835}}