{"mean":{"confidence_interval":{"confidence_level":0.95,"lower_bound":-0.004500317930721192,"upper_bound":0.01649908074588602},"point_estimate":0.005249621293673901,"standard_error":0.0054113642962615735},"median":{"confidence_interval":{"confidence_level":0.95,"lower_bound":-0.01064236321857892,"upper_bound":0.011866224162426775},"point_estimate":-0.0010846228362679788,"standard_error":0.006154200595182938}}