{"mean":{"confidence_interval":{"confidence_level":0.95,"lower_bound":-0.3262724283837016,"upper_bound":-0.19842828908547464},"point_estimate":-0.2608868103222899,"standard_error":0.031048588889239375},"median":{"confidence_interval":{"confidence_level":0.95,"lower_bound":-0.2557210106944083,"upper_bound":-0.25273820334172103},"point_estimate":-0.2538323370927281,"standard_error":0.0007643965342094349}}