{"mean":{"confidence_interval":{"confidence_level":0.95,"lower_bound":-0.12811594362319412,"upper_bound":0.0022534744951489814},"point_estimate":-0.04716801913439084,"standard_error":0.040681903303894644},"median":{"confidence_interval":{"confidence_level":0.95,"lower_bound":0.00009065602810127858,"upper_bound":0.003522948726457642},"point_estimate":0.0012614075248560397,"standard_error":0.0008611559744215971}}