{"mean":{"confidence_interval":{"confidence_level":0.95,"lower_bound":-0.2890811786068601,"upper_bound":-0.2591577525482621},"point_estimate":-0.2738882183334148,"standard_error":0.007618276849547024},"median":{"confidence_interval":{"confidence_level":0.95,"lower_bound":-0.2704308516626197,"upper_bound":-0.24046424051383408},"point_estimate":-0.2559238005503649,"standard_error":0.007712055002039652}}