{"mean":{"confidence_interval":{"confidence_level":0.95,"lower_bound":-0.0016944030091994018,"upper_bound":0.018725047297857296},"point_estimate":0.008098992105319835,"standard_error":0.005254048541563487},"median":{"confidence_interval":{"confidence_level":0.95,"lower_bound":-0.007868812417200055,"upper_bound":0.024076821611477284},"point_estimate":0.006622178636554343,"standard_error":0.008376228785077214}}