{"mean":{"confidence_interval":{"confidence_level":0.95,"lower_bound":-0.09752063210886411,"upper_bound":-0.06188974169735392},"point_estimate":-0.08028682577335677,"standard_error":0.009057165846012722},"median":{"confidence_interval":{"confidence_level":0.95,"lower_bound":-0.10668524812945224,"upper_bound":-0.06447820356061429},"point_estimate":-0.08046551126575852,"standard_error":0.01117213223599765}}