{"mean":{"confidence_interval":{"confidence_level":0.95,"lower_bound":3364482350.3166666,"upper_bound":3432955585.0308332},"point_estimate":3398654891.041667,"standard_error":17454735.61899407},"median":{"confidence_interval":{"confidence_level":0.95,"lower_bound":3340489819.0,"upper_bound":3448343270.375},"point_estimate":3408242175.25,"standard_error":34224483.9929034},"median_abs_dev":{"confidence_interval":{"confidence_level":0.95,"lower_bound":5133919.7607547045,"upper_bound":93096146.61576301},"point_estimate":71520016.1615409,"standard_error":23375054.792379785},"slope":{"confidence_interval":{"confidence_level":0.95,"lower_bound":3406382571.9078016,"upper_bound":3456873066.177215},"point_estimate":3438071503.888312,"standard_error":12839034.626443516},"std_dev":{"confidence_interval":{"confidence_level":0.95,"lower_bound":38881861.2824776,"upper_bound":67231016.79466538},"point_estimate":58210774.63603657,"standard_error":7333370.344302288}}