{"mean":{"confidence_interval":{"confidence_level":0.95,"lower_bound":1874030239.0222223,"upper_bound":1920641977.022222},"point_estimate":1900348093.4666667,"standard_error":11914914.422762787},"median":{"confidence_interval":{"confidence_level":0.95,"lower_bound":1868914568.6666667,"upper_bound":1929192695.6666667},"point_estimate":1914270378.0,"standard_error":12165680.172363095},"median_abs_dev":{"confidence_interval":{"confidence_level":0.95,"lower_bound":5561331.835466623,"upper_bound":57227243.57461345},"point_estimate":25844086.24177587,"standard_error":13687531.639918186},"slope":null,"std_dev":{"confidence_interval":{"confidence_level":0.95,"lower_bound":20669988.18835859,"upper_bound":69647010.97670916},"point_estimate":48369941.55269625,"standard_error":13781597.54219055}}