{"mean":{"confidence_interval":{"confidence_level":0.95,"lower_bound":-0.14201066758608286,"upper_bound":-0.032932997722518294},"point_estimate":-0.08915249063573527,"standard_error":0.027709056275060817},"median":{"confidence_interval":{"confidence_level":0.95,"lower_bound":-0.1285639210972058,"upper_bound":0.009370777579708056},"point_estimate":-0.016299829372179775,"standard_error":0.03497240901898576}}