{"mean":{"confidence_interval":{"confidence_level":0.95,"lower_bound":-0.008170712514966249,"upper_bound":0.003792992179499475},"point_estimate":-0.0022254308084710406,"standard_error":0.0030533260663873794},"median":{"confidence_interval":{"confidence_level":0.95,"lower_bound":-0.003819835551391938,"upper_bound":0.0008049721851144387},"point_estimate":-0.0017416504277784073,"standard_error":0.001120005582494317}}