{"mean":{"confidence_interval":{"confidence_level":0.95,"lower_bound":-0.022186996741688895,"upper_bound":-0.011983124567932671},"point_estimate":-0.01720580911016445,"standard_error":0.002640031567255443},"median":{"confidence_interval":{"confidence_level":0.95,"lower_bound":-0.015143725868385416,"upper_bound":-0.0030491429987945518},"point_estimate":-0.009718155150772234,"standard_error":0.003402382837465409}}