{"mean":{"confidence_interval":{"confidence_level":0.95,"lower_bound":71946582.2477778,"upper_bound":72345001.05725},"point_estimate":72134407.99444444,"standard_error":102427.37581328303},"median":{"confidence_interval":{"confidence_level":0.95,"lower_bound":71639912.22222222,"upper_bound":71949181.44444445},"point_estimate":71757749.66666666,"standard_error":77545.69307616059},"median_abs_dev":{"confidence_interval":{"confidence_level":0.95,"lower_bound":312772.74984717736,"upper_bound":639728.7099758907},"point_estimate":494466.6121214812,"standard_error":82712.02964526077},"slope":null,"std_dev":{"confidence_interval":{"confidence_level":0.95,"lower_bound":742656.7759814617,"upper_bound":1259946.259273641},"point_estimate":1026055.9468265444,"standard_error":132879.815616837}}