{"mean":{"confidence_interval":{"confidence_level":0.95,"lower_bound":-0.2816247690388962,"upper_bound":-0.20213006771464748},"point_estimate":-0.2443862720881349,"standard_error":0.018563420398295425},"median":{"confidence_interval":{"confidence_level":0.95,"lower_bound":-0.2492677603099911,"upper_bound":-0.24715812818662772},"point_estimate":-0.2481411879336135,"standard_error":0.0005507308266924009}}