{"mean":{"confidence_interval":{"confidence_level":0.95,"lower_bound":-0.04405242940227775,"upper_bound":0.14745891689945786},"point_estimate":0.03050652445529778,"standard_error":0.049151795044031034},"median":{"confidence_interval":{"confidence_level":0.95,"lower_bound":-0.002617551144390773,"upper_bound":0.0009694718525932178},"point_estimate":-0.00036501387288701004,"standard_error":0.000907455099790191}}