{"mean":{"confidence_interval":{"confidence_level":0.95,"lower_bound":0.0019894411063581335,"upper_bound":0.09807942130143386},"point_estimate":0.054139031704066864,"standard_error":0.024520661457622838},"median":{"confidence_interval":{"confidence_level":0.95,"lower_bound":0.06739157197283374,"upper_bound":0.11020556524872038},"point_estimate":0.08530672559327757,"standard_error":0.011932029526983991}}