{"mean":{"confidence_interval":{"confidence_level":0.95,"lower_bound":-0.17276492250459022,"upper_bound":-0.16067915908545033},"point_estimate":-0.16609837486804746,"standard_error":0.0032191523392606208},"median":{"confidence_interval":{"confidence_level":0.95,"lower_bound":-0.17175795074791278,"upper_bound":-0.15777090850494824},"point_estimate":-0.1631557193354336,"standard_error":0.004383600962882277}}