{"mean":{"confidence_interval":{"confidence_level":0.95,"lower_bound":-0.0062245061383782805,"upper_bound":0.0057215093313848185},"point_estimate":-0.00009240152883349673,"standard_error":0.003029798063157986},"median":{"confidence_interval":{"confidence_level":0.95,"lower_bound":-0.004815060320176158,"upper_bound":0.006949627256984892},"point_estimate":0.0013931364778918542,"standard_error":0.0032390349090395394}}