{"mean":{"confidence_interval":{"confidence_level":0.95,"lower_bound":2150019.0727772014,"upper_bound":2252026.4579957034},"point_estimate":2200859.9101478173,"standard_error":25907.60598072353},"median":{"confidence_interval":{"confidence_level":0.95,"lower_bound":2047199.063963964,"upper_bound":2241620.3305555554},"point_estimate":2130739.423611111,"standard_error":56725.54243969379},"median_abs_dev":{"confidence_interval":{"confidence_level":0.95,"lower_bound":164465.25186969608,"upper_bound":403608.7617525176},"point_estimate":306919.628274405,"standard_error":72938.1387610889},"slope":{"confidence_interval":{"confidence_level":0.95,"lower_bound":2014134.4171013932,"upper_bound":2122523.8753821324},"point_estimate":2064776.639996552,"standard_error":27785.902569426467},"std_dev":{"confidence_interval":{"confidence_level":0.95,"lower_bound":237647.26985983914,"upper_bound":271772.3699138444},"point_estimate":256973.38124537564,"standard_error":8692.856654453735}}