{"mean":{"confidence_interval":{"confidence_level":0.95,"lower_bound":0.0026358256831764473,"upper_bound":0.011464199008238718},"point_estimate":0.007272108969331059,"standard_error":0.0022273357981749506},"median":{"confidence_interval":{"confidence_level":0.95,"lower_bound":0.005069742246728293,"upper_bound":0.012835853806153708},"point_estimate":0.009559907743750262,"standard_error":0.0020194280161713956}}