{"mean":{"confidence_interval":{"confidence_level":0.95,"lower_bound":0.44993703424805237,"upper_bound":0.47766399753528926},"point_estimate":0.4639834243517793,"standard_error":0.007061056543320671},"median":{"confidence_interval":{"confidence_level":0.95,"lower_bound":0.4591170264602462,"upper_bound":0.484965530539583},"point_estimate":0.47290017385618266,"standard_error":0.006584163061724254}}