{"mean":{"confidence_interval":{"confidence_level":0.95,"lower_bound":-0.21472235670130055,"upper_bound":-0.21035115002495977},"point_estimate":-0.21252592676117743,"standard_error":0.0011269096656646037},"median":{"confidence_interval":{"confidence_level":0.95,"lower_bound":-0.2078130496961078,"upper_bound":-0.20514844546525715},"point_estimate":-0.2061682811796729,"standard_error":0.0006914548951219513}}