{"mean":{"confidence_interval":{"confidence_level":0.95,"lower_bound":0.0023503588294799317,"upper_bound":0.020314913421033226},"point_estimate":0.011248858799771888,"standard_error":0.004565485294485452},"median":{"confidence_interval":{"confidence_level":0.95,"lower_bound":0.011117502977363358,"upper_bound":0.01550830511696799},"point_estimate":0.013616754002314657,"standard_error":0.001112312244097932}}