{"mean":{"confidence_interval":{"confidence_level":0.95,"lower_bound":-0.7004410064809354,"upper_bound":-0.6958447826038783},"point_estimate":-0.6981006942122434,"standard_error":0.0011494669474601052},"median":{"confidence_interval":{"confidence_level":0.95,"lower_bound":-0.7024675917196996,"upper_bound":-0.6946550876715121},"point_estimate":-0.696852669060186,"standard_error":0.0020372507135984967}}