{"mean":{"confidence_interval":{"confidence_level":0.95,"lower_bound":-0.06832172370538199,"upper_bound":-0.06583552534961538},"point_estimate":-0.06709855964260647,"standard_error":0.0006362252137737273},"median":{"confidence_interval":{"confidence_level":0.95,"lower_bound":-0.06875066938253105,"upper_bound":-0.06477513089194409},"point_estimate":-0.06669880249914195,"standard_error":0.001164289230034048}}