{"mean":{"confidence_interval":{"confidence_level":0.95,"lower_bound":-0.1514088680605587,"upper_bound":-0.14185210232867704},"point_estimate":-0.1466067419950492,"standard_error":0.002444235341980938},"median":{"confidence_interval":{"confidence_level":0.95,"lower_bound":-0.1518434056882153,"upper_bound":-0.1473699609233492},"point_estimate":-0.1497283161778714,"standard_error":0.0011241788057394734}}