{"mean":{"confidence_interval":{"confidence_level":0.95,"lower_bound":0.004163777391969575,"upper_bound":0.014757010613742159},"point_estimate":0.009199825042321752,"standard_error":0.002700325025736236},"median":{"confidence_interval":{"confidence_level":0.95,"lower_bound":0.006766157171474431,"upper_bound":0.009937400624243864},"point_estimate":0.008623288331807144,"standard_error":0.0007678214139019842}}