{"mean":{"confidence_interval":{"confidence_level":0.95,"lower_bound":5545774696.071667,"upper_bound":5555970828.355},"point_estimate":5551099443.866667,"standard_error":2619942.9900799},"median":{"confidence_interval":{"confidence_level":0.95,"lower_bound":5545425747.0,"upper_bound":5557320313.0},"point_estimate":5553889570.0,"standard_error":3013831.5997959506},"median_abs_dev":{"confidence_interval":{"confidence_level":0.95,"lower_bound":2510072.890037298,"upper_bound":17802801.0289371},"point_estimate":7901282.308924198,"standard_error":3604672.5115261003},"slope":null,"std_dev":{"confidence_interval":{"confidence_level":0.95,"lower_bound":6080287.666408647,"upper_bound":12872675.095712397},"point_estimate":10478501.522210952,"standard_error":1686320.033045389}}