{"mean":{"confidence_interval":{"confidence_level":0.95,"lower_bound":33684498.589812495,"upper_bound":33837757.230000004},"point_estimate":33748601.89166667,"standard_error":39715.33236041321},"median":{"confidence_interval":{"confidence_level":0.95,"lower_bound":33667976.91666667,"upper_bound":33689242.79166667},"point_estimate":33676665.375,"standard_error":5708.5750465325345},"median_abs_dev":{"confidence_interval":{"confidence_level":0.95,"lower_bound":45721.729162655676,"upper_bound":77900.86816697945},"point_estimate":63183.40710327029,"standard_error":7829.924425302469},"slope":null,"std_dev":{"confidence_interval":{"confidence_level":0.95,"lower_bound":84698.1092279176,"upper_bound":608319.718800381},"point_estimate":396440.9153924701,"standard_error":138653.46873601893}}