{"mean":{"confidence_interval":{"confidence_level":0.95,"lower_bound":-0.698343548071216,"upper_bound":-0.6875349580250035},"point_estimate":-0.6924491640183568,"standard_error":0.0027486372791551248},"median":{"confidence_interval":{"confidence_level":0.95,"lower_bound":-0.7028463203921682,"upper_bound":-0.6803056461107695},"point_estimate":-0.6875243105154778,"standard_error":0.0061205602041753794}}