{"mean":{"confidence_interval":{"confidence_level":0.95,"lower_bound":211828255.5375,"upper_bound":223994174.22924998},"point_estimate":217827618.435,"standard_error":3119145.5513525135},"median":{"confidence_interval":{"confidence_level":0.95,"lower_bound":192385554.75,"upper_bound":233935670.875},"point_estimate":193837533.0,"standard_error":16093531.943091175},"median_abs_dev":{"confidence_interval":{"confidence_level":0.95,"lower_bound":9469767.44582802,"upper_bound":52415196.021044254},"point_estimate":15226249.468030035,"standard_error":16731589.44738294},"slope":null,"std_dev":{"confidence_interval":{"confidence_level":0.95,"lower_bound":29334664.18795807,"upper_bound":33097115.427023735},"point_estimate":31451625.070169866,"standard_error":958776.734511455}}