{"mean":{"confidence_interval":{"confidence_level":0.95,"lower_bound":-0.03732949984221435,"upper_bound":-0.01008788280217754},"point_estimate":-0.024294008616644214,"standard_error":0.0069570969182969535},"median":{"confidence_interval":{"confidence_level":0.95,"lower_bound":-0.046128725167018936,"upper_bound":-0.0066982284315241225},"point_estimate":-0.023025783867630212,"standard_error":0.010220067821997482}}