{"mean":{"confidence_interval":{"confidence_level":0.95,"lower_bound":-0.07262895797683308,"upper_bound":-0.06078921141002769},"point_estimate":-0.06744531475096704,"standard_error":0.0030612561243060364},"median":{"confidence_interval":{"confidence_level":0.95,"lower_bound":-0.08590902625674002,"upper_bound":-0.06845371660418331},"point_estimate":-0.08069911079660619,"standard_error":0.004856717014600742}}