{"mean":{"confidence_interval":{"confidence_level":0.95,"lower_bound":-0.668602206028557,"upper_bound":-0.6582757392372931},"point_estimate":-0.6638529235033075,"standard_error":0.0025483051881902605},"median":{"confidence_interval":{"confidence_level":0.95,"lower_bound":-0.6743828177217429,"upper_bound":-0.6529142687117337},"point_estimate":-0.6597813179464272,"standard_error":0.005346482733358493}}