{"mean":{"confidence_interval":{"confidence_level":0.95,"lower_bound":-0.4503815745787141,"upper_bound":-0.41358614350339085},"point_estimate":-0.43340982662594074,"standard_error":0.009490176267870683},"median":{"confidence_interval":{"confidence_level":0.95,"lower_bound":-0.47432458284458523,"upper_bound":-0.45839881998041965},"point_estimate":-0.46934823290872874,"standard_error":0.005106951596644264}}