{"mean":{"confidence_interval":{"confidence_level":0.95,"lower_bound":-0.3105968746147763,"upper_bound":-0.2387348524928324},"point_estimate":-0.27446378030025653,"standard_error":0.017400000436086045},"median":{"confidence_interval":{"confidence_level":0.95,"lower_bound":-0.2785660339162661,"upper_bound":-0.27190796560135644},"point_estimate":-0.2740370167397195,"standard_error":0.0016517015264112557}}