{"mean":{"confidence_interval":{"confidence_level":0.95,"lower_bound":-0.17686794432882041,"upper_bound":-0.06469014035132115},"point_estimate":-0.10639772824230975,"standard_error":0.035764099363079234},"median":{"confidence_interval":{"confidence_level":0.95,"lower_bound":-0.07585040305749124,"upper_bound":-0.07382999598262774},"point_estimate":-0.0747922623253271,"standard_error":0.000527537598317099}}