{"mean":{"confidence_interval":{"confidence_level":0.95,"lower_bound":153318.59543428407,"upper_bound":153464.48854364283},"point_estimate":153385.5232066948,"standard_error":37.12888078446181},"median":{"confidence_interval":{"confidence_level":0.95,"lower_bound":153291.98722619048,"upper_bound":153434.93777777778},"point_estimate":153330.9916546659,"standard_error":38.5921092808576},"median_abs_dev":{"confidence_interval":{"confidence_level":0.95,"lower_bound":194.16103025708364,"upper_bound":305.98291259023586},"point_estimate":240.63395346093074,"standard_error":29.25929394769436},"slope":{"confidence_interval":{"confidence_level":0.95,"lower_bound":153370.84139579578,"upper_bound":153651.00408714116},"point_estimate":153490.53153437903,"standard_error":72.49394721062853},"std_dev":{"confidence_interval":{"confidence_level":0.95,"lower_bound":240.5968846425695,"upper_bound":527.0240032150186},"point_estimate":374.64713197675513,"standard_error":83.19503186538336}}