{"mean":{"confidence_interval":{"confidence_level":0.95,"lower_bound":-0.14877279083868789,"upper_bound":-0.08346670387666988},"point_estimate":-0.10727217669979694,"standard_error":0.02030470815240746},"median":{"confidence_interval":{"confidence_level":0.95,"lower_bound":-0.0878281147762644,"upper_bound":-0.08588526476040428},"point_estimate":-0.08689491201660404,"standard_error":0.000494831876578547}}