{"mean":{"confidence_interval":{"confidence_level":0.95,"lower_bound":-0.0908559620917968,"upper_bound":-0.03889131204714853},"point_estimate":-0.058061925759880895,"standard_error":0.015473114486928593},"median":{"confidence_interval":{"confidence_level":0.95,"lower_bound":-0.037917194618627525,"upper_bound":-0.03435321358671908},"point_estimate":-0.03554025486038215,"standard_error":0.0009290996293832199}}