{"mean":{"confidence_interval":{"confidence_level":0.95,"lower_bound":-0.2872711980488206,"upper_bound":-0.2401819583030518},"point_estimate":-0.26960853272646956,"standard_error":0.01341725677858697},"median":{"confidence_interval":{"confidence_level":0.95,"lower_bound":-0.286213848365958,"upper_bound":-0.2840651303777115},"point_estimate":-0.28503631354995096,"standard_error":0.0005616526303854387}}