{"mean":{"confidence_interval":{"confidence_level":0.95,"lower_bound":71681437.60375,"upper_bound":73125697.6271875},"point_estimate":72388408.435,"standard_error":369093.80003492086},"median":{"confidence_interval":{"confidence_level":0.95,"lower_bound":71071600.6875,"upper_bound":73765868.75},"point_estimate":71830577.125,"standard_error":820540.7552168753},"median_abs_dev":{"confidence_interval":{"confidence_level":0.95,"lower_bound":3602347.193383053,"upper_bound":5290467.955287918},"point_estimate":4308439.693322405,"standard_error":415046.5946946757},"slope":null,"std_dev":{"confidence_interval":{"confidence_level":0.95,"lower_bound":3283823.4333645194,"upper_bound":4075178.7681305185},"point_estimate":3699842.6346085803,"standard_error":202893.7026054603}}