{"mean":{"confidence_interval":{"confidence_level":0.95,"lower_bound":5334508060.466666,"upper_bound":5337470373.016667},"point_estimate":5336143067.6,"standard_error":765401.4091971705},"median":{"confidence_interval":{"confidence_level":0.95,"lower_bound":5334823437.333333,"upper_bound":5337665790.0},"point_estimate":5336748609.5,"standard_error":646405.6359530275},"median_abs_dev":{"confidence_interval":{"confidence_level":0.95,"lower_bound":78022.0707145957,"upper_bound":3469757.1348999683},"point_estimate":1897286.6457166644,"standard_error":912747.0617038107},"slope":null,"std_dev":{"confidence_interval":{"confidence_level":0.95,"lower_bound":971311.2305852574,"upper_bound":3653938.82767516},"point_estimate":2569140.769406516,"standard_error":775871.5754182523}}