{"mean":{"confidence_interval":{"confidence_level":0.95,"lower_bound":-0.21550945959634416,"upper_bound":-0.19130538194435914},"point_estimate":-0.20427554117870617,"standard_error":0.0062529824655260325},"median":{"confidence_interval":{"confidence_level":0.95,"lower_bound":-0.2271551221482404,"upper_bound":-0.18407643872115997},"point_estimate":-0.20000475031855713,"standard_error":0.009298217385497787}}