{"mean":{"confidence_interval":{"confidence_level":0.95,"lower_bound":1368625790.0295832,"upper_bound":1403723597.4770832},"point_estimate":1387943269.0666666,"standard_error":8981794.700345118},"median":{"confidence_interval":{"confidence_level":0.95,"lower_bound":1377992867.75,"upper_bound":1410742358.5},"point_estimate":1401926814.0,"standard_error":9933126.487135345},"median_abs_dev":{"confidence_interval":{"confidence_level":0.95,"lower_bound":7692436.604931951,"upper_bound":48554394.12393719},"point_estimate":20530272.000914812,"standard_error":10564748.563651308},"slope":null,"std_dev":{"confidence_interval":{"confidence_level":0.95,"lower_bound":16381684.377029307,"upper_bound":50351068.76040642},"point_estimate":36381378.459534064,"standard_error":9188851.349997858}}