{"mean":{"confidence_interval":{"confidence_level":0.95,"lower_bound":33513230.604166675,"upper_bound":33561114.49410418},"point_estimate":33535751.15333334,"standard_error":12291.503549220926},"median":{"confidence_interval":{"confidence_level":0.95,"lower_bound":33486092.583333332,"upper_bound":33508233.0},"point_estimate":33494944.541666668,"standard_error":6170.59994253643},"median_abs_dev":{"confidence_interval":{"confidence_level":0.95,"lower_bound":40756.95589704248,"upper_bound":74661.88142448387},"point_estimate":55045.16874775383,"standard_error":8979.99371609311},"slope":null,"std_dev":{"confidence_interval":{"confidence_level":0.95,"lower_bound":91439.19452453847,"upper_bound":154115.7520919363},"point_estimate":124840.45938590184,"standard_error":16040.807570179104}}