{"mean":{"confidence_interval":{"confidence_level":0.95,"lower_bound":-0.02605779081080975,"upper_bound":-0.01167551031779289},"point_estimate":-0.018804864184400416,"standard_error":0.003674148805508002},"median":{"confidence_interval":{"confidence_level":0.95,"lower_bound":-0.017642023576325716,"upper_bound":-0.013762234496172532},"point_estimate":-0.015482180865162953,"standard_error":0.0009801793073892675}}