{"mean":{"confidence_interval":{"confidence_level":0.95,"lower_bound":43597600.79357141,"upper_bound":44127765.74071427},"point_estimate":43862830.1292857,"standard_error":135254.54806358088},"median":{"confidence_interval":{"confidence_level":0.95,"lower_bound":43581988.0,"upper_bound":44358561.14285714},"point_estimate":43916784.07142857,"standard_error":220822.06056125913},"median_abs_dev":{"confidence_interval":{"confidence_level":0.95,"lower_bound":1134821.6794028934,"upper_bound":1858323.530108167},"point_estimate":1494236.583172,"standard_error":181989.5822625212},"slope":null,"std_dev":{"confidence_interval":{"confidence_level":0.95,"lower_bound":1175537.2276610972,"upper_bound":1516222.0010807863},"point_estimate":1354487.49084634,"standard_error":86434.5555855382}}