{"mean":{"confidence_interval":{"confidence_level":0.95,"lower_bound":-0.8860019070526375,"upper_bound":-0.8847751395957104},"point_estimate":-0.8853451359061977,"standard_error":0.00031687877698042806},"median":{"confidence_interval":{"confidence_level":0.95,"lower_bound":-0.8853471696820681,"upper_bound":-0.8840773673059898},"point_estimate":-0.8847476892530051,"standard_error":0.00033616163176673433}}