{"mean":{"confidence_interval":{"confidence_level":0.95,"lower_bound":0.0010758215010156726,"upper_bound":0.01277366519529467},"point_estimate":0.00690061325714586,"standard_error":0.0029874236514683314},"median":{"confidence_interval":{"confidence_level":0.95,"lower_bound":0.003795942063874458,"upper_bound":0.007904181849750848},"point_estimate":0.006330111472423905,"standard_error":0.000992592993224822}}