{"mean":{"confidence_interval":{"confidence_level":0.95,"lower_bound":-0.6553556024835543,"upper_bound":-0.6489884089225971},"point_estimate":-0.6517873576914708,"standard_error":0.0017045602813241722},"median":{"confidence_interval":{"confidence_level":0.95,"lower_bound":-0.6572642277412476,"upper_bound":-0.6459020479887323},"point_estimate":-0.6523163881555132,"standard_error":0.0028418864257111205}}