{"mean":{"confidence_interval":{"confidence_level":0.95,"lower_bound":0.032318600276130406,"upper_bound":0.04989936229335083},"point_estimate":0.04104157922665941,"standard_error":0.004457743833611218},"median":{"confidence_interval":{"confidence_level":0.95,"lower_bound":0.017662264095862235,"upper_bound":0.046001763392625294},"point_estimate":0.030417277220044836,"standard_error":0.008268955186445218}}