{"mean":{"confidence_interval":{"confidence_level":0.95,"lower_bound":-0.05811936214619828,"upper_bound":-0.05287802053254126},"point_estimate":-0.055437977315593856,"standard_error":0.001342120157550999},"median":{"confidence_interval":{"confidence_level":0.95,"lower_bound":-0.059350267768613296,"upper_bound":-0.05050559018696865},"point_estimate":-0.052502432746668215,"standard_error":0.0027429060106957783}}