{"mean":{"confidence_interval":{"confidence_level":0.95,"lower_bound":-0.5625650962814502,"upper_bound":-0.5454929846884935},"point_estimate":-0.554080635562866,"standard_error":0.004375563794113945},"median":{"confidence_interval":{"confidence_level":0.95,"lower_bound":-0.5763823690530926,"upper_bound":-0.5353653855792389},"point_estimate":-0.5519263059984474,"standard_error":0.012155845741363105}}