{"mean":{"confidence_interval":{"confidence_level":0.95,"lower_bound":45055934.94642856,"upper_bound":45209333.967142865},"point_estimate":45129156.39357144,"standard_error":39211.20253687452},"median":{"confidence_interval":{"confidence_level":0.95,"lower_bound":44908547.571428575,"upper_bound":45094839.928571425},"point_estimate":44948540.82142857,"standard_error":45803.15924707678},"median_abs_dev":{"confidence_interval":{"confidence_level":0.95,"lower_bound":154946.57619915076,"upper_bound":362524.2865639042},"point_estimate":234944.0701788995,"standard_error":52597.63592307398},"slope":null,"std_dev":{"confidence_interval":{"confidence_level":0.95,"lower_bound":307166.03260942653,"upper_bound":482653.36624224007},"point_estimate":395422.5747831715,"standard_error":44924.42331159365}}