{"mean":{"confidence_interval":{"confidence_level":0.95,"lower_bound":-0.11617201990158948,"upper_bound":-0.10962991111842611},"point_estimate":-0.11299607276543333,"standard_error":0.0016684361662661442},"median":{"confidence_interval":{"confidence_level":0.95,"lower_bound":-0.11212757455116595,"upper_bound":-0.10585577964988169},"point_estimate":-0.10871251020040107,"standard_error":0.0017144647119423948}}