{"mean":{"confidence_interval":{"confidence_level":0.95,"lower_bound":5862577983.333333,"upper_bound":5893010230.666667},"point_estimate":5876903062.533334,"standard_error":7918519.496809323},"median":{"confidence_interval":{"confidence_level":0.95,"lower_bound":5850078930.0,"upper_bound":5903724788.0},"point_estimate":5861639926.0,"standard_error":16913128.49895948},"median_abs_dev":{"confidence_interval":{"confidence_level":0.95,"lower_bound":5209281.058716774,"upper_bound":52337375.83102584},"point_estimate":21206586.665707827,"standard_error":12682102.40255015},"slope":null,"std_dev":{"confidence_interval":{"confidence_level":0.95,"lower_bound":22022565.9601441,"upper_bound":36938734.07481137},"point_estimate":31625100.616027564,"standard_error":3874980.4505886063}}