{"mean":{"confidence_interval":{"confidence_level":0.95,"lower_bound":29144028.13142857,"upper_bound":29346431.870476197},"point_estimate":29246936.8752381,"standard_error":51462.98360812763},"median":{"confidence_interval":{"confidence_level":0.95,"lower_bound":29244784.04761905,"upper_bound":29447009.76190476},"point_estimate":29399789.785714284,"standard_error":53840.82648537965},"median_abs_dev":{"confidence_interval":{"confidence_level":0.95,"lower_bound":260207.35134039618,"upper_bound":514629.64700349676},"point_estimate":348706.3489092252,"standard_error":67112.27780484899},"slope":null,"std_dev":{"confidence_interval":{"confidence_level":0.95,"lower_bound":440329.159757277,"upper_bound":583467.3741064266},"point_estimate":515800.26820382336,"standard_error":36464.374440160565}}