{"mean":{"confidence_interval":{"confidence_level":0.95,"lower_bound":-0.714949183391623,"upper_bound":-0.7080396779786907},"point_estimate":-0.7112429197924388,"standard_error":0.0017153240252455737},"median":{"confidence_interval":{"confidence_level":0.95,"lower_bound":-0.7146172676159479,"upper_bound":-0.7043012244932751},"point_estimate":-0.7118475320917099,"standard_error":0.002363573326149053}}