{"mean":{"confidence_interval":{"confidence_level":0.95,"lower_bound":-0.07361804724611994,"upper_bound":-0.06995692088623837},"point_estimate":-0.07168946185245983,"standard_error":0.0009325718108794177},"median":{"confidence_interval":{"confidence_level":0.95,"lower_bound":-0.07393794651689378,"upper_bound":-0.07087864132547017},"point_estimate":-0.07238871189139551,"standard_error":0.0007560028444483896}}