{"mean":{"confidence_interval":{"confidence_level":0.95,"lower_bound":0.015521052991646467,"upper_bound":0.020937401737731832},"point_estimate":0.01765963353726696,"standard_error":0.001385315025546814},"median":{"confidence_interval":{"confidence_level":0.95,"lower_bound":0.015351727187911852,"upper_bound":0.01735962219877285},"point_estimate":0.01634950663868162,"standard_error":0.00045732303786025696}}