{"mean":{"confidence_interval":{"confidence_level":0.95,"lower_bound":-0.1725856340258777,"upper_bound":-0.16495531641935202},"point_estimate":-0.16890376933643336,"standard_error":0.0019615173657217687},"median":{"confidence_interval":{"confidence_level":0.95,"lower_bound":-0.17223513270401647,"upper_bound":-0.16531001496151176},"point_estimate":-0.16920723034507668,"standard_error":0.0019054591721857166}}