{"mean":{"confidence_interval":{"confidence_level":0.95,"lower_bound":-0.16259563767596236,"upper_bound":-0.15490105819761396},"point_estimate":-0.15891315530488082,"standard_error":0.001966591418473849},"median":{"confidence_interval":{"confidence_level":0.95,"lower_bound":-0.16107038227346326,"upper_bound":-0.15720078834135587},"point_estimate":-0.15914869571802182,"standard_error":0.0009690157055602965}}