{"mean":{"confidence_interval":{"confidence_level":0.95,"lower_bound":3197506.2213780647,"upper_bound":3221292.173109599},"point_estimate":3210034.251325773,"standard_error":6038.964501244532},"median":{"confidence_interval":{"confidence_level":0.95,"lower_bound":3226443.951219512,"upper_bound":3232275.6195652173},"point_estimate":3229103.7580736773,"standard_error":1448.1080299135297},"median_abs_dev":{"confidence_interval":{"confidence_level":0.95,"lower_bound":9447.71275680885,"upper_bound":16303.21744864383},"point_estimate":11847.638794682733,"standard_error":1767.0498403132426},"slope":{"confidence_interval":{"confidence_level":0.95,"lower_bound":3228256.2848235136,"upper_bound":3233865.389050754},"point_estimate":3230831.1897184867,"standard_error":1429.0851870053875},"std_dev":{"confidence_interval":{"confidence_level":0.95,"lower_bound":43686.65061372151,"upper_bound":74525.4669700313},"point_estimate":60850.75141522953,"standard_error":7894.1743078546615}}