{"mean":{"confidence_interval":{"confidence_level":0.95,"lower_bound":-0.04036174265155149,"upper_bound":-0.03305624597165935},"point_estimate":-0.036672170857200315,"standard_error":0.001855904071226372},"median":{"confidence_interval":{"confidence_level":0.95,"lower_bound":-0.0396586284780156,"upper_bound":-0.03291428313768414},"point_estimate":-0.03771661357391731,"standard_error":0.002124662660530367}}