{"mean":{"confidence_interval":{"confidence_level":0.95,"lower_bound":0.23622404324719506,"upper_bound":0.27234516531264336},"point_estimate":0.25465047055215484,"standard_error":0.009341169109466085},"median":{"confidence_interval":{"confidence_level":0.95,"lower_bound":0.20386666831501787,"upper_bound":0.2538669765407904},"point_estimate":0.22442679538463262,"standard_error":0.012852013899922373}}