{"mean":{"confidence_interval":{"confidence_level":0.95,"lower_bound":-0.6098159007629276,"upper_bound":-0.5887387909101928},"point_estimate":-0.5994164050388222,"standard_error":0.005382373517161046},"median":{"confidence_interval":{"confidence_level":0.95,"lower_bound":-0.6205107184018331,"upper_bound":-0.6019993592485386},"point_estimate":-0.6134767058201154,"standard_error":0.004567761801064681}}