{"mean":{"confidence_interval":{"confidence_level":0.95,"lower_bound":0.07796935903949333,"upper_bound":0.11278100765373456},"point_estimate":0.0941912672268066,"standard_error":0.008900773541347832},"median":{"confidence_interval":{"confidence_level":0.95,"lower_bound":0.0736612561765646,"upper_bound":0.11888449159170755},"point_estimate":0.10614269151608524,"standard_error":0.011185815530728624}}