{"mean":{"confidence_interval":{"confidence_level":0.95,"lower_bound":-0.23538804566902874,"upper_bound":-0.22364286753412232},"point_estimate":-0.22976533164273505,"standard_error":0.0030015044741551348},"median":{"confidence_interval":{"confidence_level":0.95,"lower_bound":-0.22860446713782656,"upper_bound":-0.2131824456447663},"point_estimate":-0.220355355071985,"standard_error":0.003869109728988915}}