{"mean":{"confidence_interval":{"confidence_level":0.95,"lower_bound":-0.069993527990585,"upper_bound":-0.0685857649821939},"point_estimate":-0.06924753292391483,"standard_error":0.00036066182929750065},"median":{"confidence_interval":{"confidence_level":0.95,"lower_bound":-0.07050163072058235,"upper_bound":-0.0683200419752652},"point_estimate":-0.06947605278751467,"standard_error":0.0005064664163651988}}