{"mean":{"confidence_interval":{"confidence_level":0.95,"lower_bound":-0.20269620024008012,"upper_bound":-0.1824462351580366},"point_estimate":-0.19172699641782998,"standard_error":0.005172782699595096},"median":{"confidence_interval":{"confidence_level":0.95,"lower_bound":-0.2078699201946438,"upper_bound":-0.17424753528268389},"point_estimate":-0.19670285881879046,"standard_error":0.009614520740040735}}