{"mean":{"confidence_interval":{"confidence_level":0.95,"lower_bound":0.05777371187096326,"upper_bound":0.10633128765764581},"point_estimate":0.08166607340833698,"standard_error":0.01240463905877636},"median":{"confidence_interval":{"confidence_level":0.95,"lower_bound":0.048121655298588584,"upper_bound":0.11299426980517069},"point_estimate":0.09062711769281795,"standard_error":0.018350326224598094}}