{"mean":{"confidence_interval":{"confidence_level":0.95,"lower_bound":0.09737391265544605,"upper_bound":0.12146913606869053},"point_estimate":0.1089817663064565,"standard_error":0.0061392958099568},"median":{"confidence_interval":{"confidence_level":0.95,"lower_bound":0.09578810912887215,"upper_bound":0.1219038695871999},"point_estimate":0.10714060300540806,"standard_error":0.007329466668021086}}