{"mean":{"confidence_interval":{"confidence_level":0.95,"lower_bound":27946229.367499996,"upper_bound":28905033.846250005},"point_estimate":28442267.130833335,"standard_error":244729.17638771073},"median":{"confidence_interval":{"confidence_level":0.95,"lower_bound":28938721.375,"upper_bound":29549918.666666668},"point_estimate":29321849.604166664,"standard_error":138898.1531582317},"median_abs_dev":{"confidence_interval":{"confidence_level":0.95,"lower_bound":1079126.8538791705,"upper_bound":2050572.3481200635},"point_estimate":1492559.7405392686,"standard_error":247881.98822374432},"slope":null,"std_dev":{"confidence_interval":{"confidence_level":0.95,"lower_bound":2042945.6751560946,"upper_bound":2830627.927012094},"point_estimate":2468834.4944446026,"standard_error":200935.6532796595}}