{"mean":{"confidence_interval":{"confidence_level":0.95,"lower_bound":-0.2468711189721341,"upper_bound":-0.23849489920561975},"point_estimate":-0.24263933561924167,"standard_error":0.0021437668984025412},"median":{"confidence_interval":{"confidence_level":0.95,"lower_bound":-0.24658022351129427,"upper_bound":-0.23762557088821923},"point_estimate":-0.24330090277464123,"standard_error":0.0023212540359702737}}