{"mean":{"confidence_interval":{"confidence_level":0.95,"lower_bound":-0.5330416974879595,"upper_bound":-0.5268367804384835},"point_estimate":-0.5299784349905816,"standard_error":0.0016162277513574617},"median":{"confidence_interval":{"confidence_level":0.95,"lower_bound":-0.534102122248786,"upper_bound":-0.5252402454908315},"point_estimate":-0.5294963880951868,"standard_error":0.002939630367618289}}