{"mean":{"confidence_interval":{"confidence_level":0.95,"lower_bound":-0.2813014538961472,"upper_bound":-0.22482227725809653},"point_estimate":-0.26060841235706567,"standard_error":0.015316001197782331},"median":{"confidence_interval":{"confidence_level":0.95,"lower_bound":-0.28180382699214523,"upper_bound":-0.2794141993888062},"point_estimate":-0.28053463843817616,"standard_error":0.0006173774810776601}}