{"mean":{"confidence_interval":{"confidence_level":0.95,"lower_bound":-0.31113466050105537,"upper_bound":-0.27060134627778043},"point_estimate":-0.2894684646193496,"standard_error":0.010279657981197586},"median":{"confidence_interval":{"confidence_level":0.95,"lower_bound":-0.291871585187777,"upper_bound":-0.2675683887136361},"point_estimate":-0.27850234000940854,"standard_error":0.007280059159796459}}