{"mean":{"confidence_interval":{"confidence_level":0.95,"lower_bound":-0.11051409930629076,"upper_bound":-0.0014537593188373315},"point_estimate":-0.043235707878768403,"standard_error":0.032589484908556815},"median":{"confidence_interval":{"confidence_level":0.95,"lower_bound":-0.010844249651348226,"upper_bound":-0.007365836890280655},"point_estimate":-0.009231208812125136,"standard_error":0.0008635174494878541}}