{"mean":{"confidence_interval":{"confidence_level":0.95,"lower_bound":0.23052217733349292,"upper_bound":0.37003775574575776},"point_estimate":0.2958537577890479,"standard_error":0.03560390255771815},"median":{"confidence_interval":{"confidence_level":0.95,"lower_bound":0.5123298189584395,"upper_bound":0.6300172590792927},"point_estimate":0.5983264831769699,"standard_error":0.03307077636890135}}