{"mean":{"confidence_interval":{"confidence_level":0.95,"lower_bound":255720520.16266668,"upper_bound":259591488.4273333},"point_estimate":257497016.35333338,"standard_error":994689.0810726696},"median":{"confidence_interval":{"confidence_level":0.95,"lower_bound":254396550.66666666,"upper_bound":254502725.6666667},"point_estimate":254463196.0,"standard_error":31752.552543001297},"median_abs_dev":{"confidence_interval":{"confidence_level":0.95,"lower_bound":185938.05179891762,"upper_bound":552140.2452975512},"point_estimate":377361.22930050635,"standard_error":102288.31554407244},"slope":null,"std_dev":{"confidence_interval":{"confidence_level":0.95,"lower_bound":6334871.336507623,"upper_bound":12699897.237184864},"point_estimate":9895501.383848751,"standard_error":1617490.8666205488}}