{"mean":{"confidence_interval":{"confidence_level":0.95,"lower_bound":-0.0675386405475684,"upper_bound":-0.06107836647595068},"point_estimate":-0.06427980216990203,"standard_error":0.0016465113631769735},"median":{"confidence_interval":{"confidence_level":0.95,"lower_bound":-0.06825815956450543,"upper_bound":-0.062008712418218266},"point_estimate":-0.06499758419238255,"standard_error":0.0016293716483474828}}