{"mean":{"confidence_interval":{"confidence_level":0.95,"lower_bound":-0.6673860113840686,"upper_bound":-0.6504955034141346},"point_estimate":-0.6588966577471757,"standard_error":0.004274145462508952},"median":{"confidence_interval":{"confidence_level":0.95,"lower_bound":-0.684369604441168,"upper_bound":-0.651623639579958},"point_estimate":-0.6691788846604394,"standard_error":0.009027632989527652}}