{"mean":{"confidence_interval":{"confidence_level":0.95,"lower_bound":-0.5956976829852836,"upper_bound":-0.5893205974149781},"point_estimate":-0.5924787360612547,"standard_error":0.0016388182195317855},"median":{"confidence_interval":{"confidence_level":0.95,"lower_bound":-0.5967203227210374,"upper_bound":-0.5904690673064159},"point_estimate":-0.5937700525167158,"standard_error":0.0015624883825489713}}