{"mean":{"confidence_interval":{"confidence_level":0.95,"lower_bound":-0.030404682219480905,"upper_bound":-0.0010272225258062004},"point_estimate":-0.017125078306966524,"standard_error":0.007502586926235665},"median":{"confidence_interval":{"confidence_level":0.95,"lower_bound":-0.04153685430762577,"upper_bound":-0.004468593968668055},"point_estimate":-0.02155828532598225,"standard_error":0.00911136902441045}}