{"mean":{"confidence_interval":{"confidence_level":0.95,"lower_bound":0.0004561096446605353,"upper_bound":0.012389078060354981},"point_estimate":0.006193145832799729,"standard_error":0.00304082275893629},"median":{"confidence_interval":{"confidence_level":0.95,"lower_bound":0.0019266495893679458,"upper_bound":0.006553800889353534},"point_estimate":0.0044308299945630125,"standard_error":0.0011639399249200385}}