{"mean":{"confidence_interval":{"confidence_level":0.95,"lower_bound":-0.12425386474991568,"upper_bound":-0.06686983331123558},"point_estimate":-0.08764821248324306,"standard_error":0.017836591985672206},"median":{"confidence_interval":{"confidence_level":0.95,"lower_bound":-0.07354600707868042,"upper_bound":-0.07116509083504885},"point_estimate":-0.07243069431748927,"standard_error":0.0005990170381423473}}