{"mean":{"confidence_interval":{"confidence_level":0.95,"lower_bound":-0.05869294586840163,"upper_bound":0.0563264862309499},"point_estimate":-0.005316106489759331,"standard_error":0.027983262772824515},"median":{"confidence_interval":{"confidence_level":0.95,"lower_bound":-0.011565586015120255,"upper_bound":0.00019739733482682098},"point_estimate":-0.004846246623512851,"standard_error":0.002781111841127739}}