{"mean":{"confidence_interval":{"confidence_level":0.95,"lower_bound":-0.12882817925135237,"upper_bound":0.003025255479801392},"point_estimate":-0.04742614107906995,"standard_error":0.04087524917257309},"median":{"confidence_interval":{"confidence_level":0.95,"lower_bound":-0.004354789080483812,"upper_bound":-0.0006973653084560993},"point_estimate":-0.0032193836910121565,"standard_error":0.0009578301754694924}}