{"mean":{"confidence_interval":{"confidence_level":0.95,"lower_bound":-0.12330848854573215,"upper_bound":-0.1165446461834958},"point_estimate":-0.1199094445028227,"standard_error":0.001726014191605309},"median":{"confidence_interval":{"confidence_level":0.95,"lower_bound":-0.11758536080874983,"upper_bound":-0.11191753442057005},"point_estimate":-0.11527996236356597,"standard_error":0.001621631736242408}}