{"mean":{"confidence_interval":{"confidence_level":0.95,"lower_bound":-0.38493496162323826,"upper_bound":-0.1520577424058375},"point_estimate":-0.2740005023452119,"standard_error":0.05630187366425326},"median":{"confidence_interval":{"confidence_level":0.95,"lower_bound":-0.27333698274329066,"upper_bound":-0.26989139218793046},"point_estimate":-0.2717661835239009,"standard_error":0.0008907607222362363}}