{"mean":{"confidence_interval":{"confidence_level":0.95,"lower_bound":-0.020817696696575724,"upper_bound":-0.010738340336258785},"point_estimate":-0.015721632825010823,"standard_error":0.0025593417477559194},"median":{"confidence_interval":{"confidence_level":0.95,"lower_bound":-0.017036083177892684,"upper_bound":-0.0077500310784262005},"point_estimate":-0.012894730567230006,"standard_error":0.002304529061083684}}